id,domain,status,purchase_price,renewal_price,attractiveness,demand,length,registrar,created_at,expires_at
0026fa84-06e1-4686-b8ed-3d1939ead315,getup.online,resell,,,82,14,6,Xin Net Technology Corporation,25/05/2021 03:00,25/05/2026 23:59
018e69b1-595f-45f9-b091-43c737591852,estimated.online,available,2.99,,50,5,9,name.com,,
01e11110-84d1-4355-b892-bdceee4578ee,diseases.online,premium,156.25,,40,5,8,name.com,,
0288257a-6369-4aba-bab1-569d5279ed46,keepoutof.online,available,2.99,,68,0,11,name.com,,
03a34c59-d0aa-44b3-b081-22e0baab0807,fishtail.online,available,2.99,,68,5,9,name.com,,
040a20c8-d3f4-4221-abc0-b088fc91dd64,flashflooding.online,available,2.99,,52,0,14,name.com,,
046dae58-a74b-4eef-9f7b-cf63e7ce5b3e,YankeeDoodle.online,available,34.98,,63,2,13,namecheap,,
053fe810-2ceb-48db-b4ad-3f7964070af1,sorethroat.online,available,2.99,,64,2,11,name.com,,
05ddc07f-a3e7-4d0a-97ea-f792ddcbb992,prowlers.online,available,2.99,,40,2,8,name.com,,
06395e56-51fe-4447-89bb-f8eda58a43d2,shelters.online,resell,,,66,8,8,"DNSPod, Inc.",27/01/2025 00:57,27/01/2027 23:59
0828f0ef-64e3-4bb7-b4fc-d0a7105dfd88,skulls.online,premium,156.25,,44,8,6,name.com,,
083a3f9c-9230-4bc3-bff8-02f865a8681e,thieves.online,available,2.99,,45,8,7,name.com,,
0850a359-b14e-443f-9a6c-990c9b19cd1f,tasked.online,available,2.99,,53,6,6,name.com,,
08860d55-95e8-417f-9469-ef4e99e1f02e,collapses.online,available,2.99,,38,1,9,name.com,,
08c78707-7b9e-4fa6-a008-5b1030e92f48,relics.online,resell,,,52,7,6,"Spaceship, Inc.",02/11/2024 07:59,02/11/2026 23:59
0935f766-c888-4cc9-b440-60beae1f0581,childmurderer.online,available,2.99,,30,1,14,name.com,,
0a2209c8-141f-4ad2-9dff-71e867329912,alternatively.online,available,2.99,,58,9,13,name.com,,
0a2d234f-e903-4bf4-b8cb-70af7e69f74a,voted.online,available,2.99,,54,6,5,name.com,,
0b438023-5abb-46b7-b6fd-dcbef9ac8cb4,gonuclear.online,available,2.99,,68,3,10,name.com,,
0cebd149-9e8a-4708-948e-99bb64009d73,TyphoidMary.online,available,34.98,,59,1,12,namecheap,,
0d24506f-f299-460c-b241-a55a56e25997,ferries.online,resell,,,54,7,7,"GoDaddy.com, LLC",26/12/2025 03:56,26/12/2026 23:59
0d65994b-e11e-4357-97f8-e0649e5390be,gonedownthetube.online,available,2.99,,30,1,18,name.com,,
0e847af6-f99a-4869-b302-35cacaf10d3b,stepout.online,resell,,,73,9,8,"GoDaddy.com, LLC",25/11/2025 01:15,25/11/2026 23:59
0ebc2a31-5891-45bb-bef7-b1e6b308ad22,shares.online,resell,,,58,18,6,"Spaceship, Inc.",23/08/2015 18:58,23/08/2026 23:59
0eed2c6b-4851-42ab-ab87-2c8160b15bc0,childrapist.online,available,2.99,,38,1,12,name.com,,
0f335a4d-5498-40ee-9923-98f2cf1209d7,divineinspiration.online,available,2.99,,56,1,18,name.com,,
0f5de4a8-d885-47a0-b30b-4636d1c05a6d,collapsed.online,available,2.99,,38,3,9,name.com,,
10e79744-be02-4992-a173-404c1e09d547,Iwish.online,resell,,,58,12,6,Dynadot Inc,30/12/2025 00:03,30/12/2026 23:59
11122a42-8b89-4ad3-9616-fd0e0bdab829,flashfloods.online,available,2.99,,42,1,12,name.com,,
115435f6-d0c4-42ef-9da0-0b992962ea52,constraints.online,available,2.99,,44,2,11,name.com,,
122bb3ad-3977-4962-add9-d48185a4f939,havingsex.online,available,2.99,,58,1,10,name.com,,
1314d338-9fd8-4408-8d7e-c5229c5ee910,motorvehicles.online,available,2.99,,42,1,14,name.com,,
1320e3cf-f817-4e4a-a1d0-bd489a5d7b66,rubbed.online,available,2.99,,62,2,6,name.com,,
144e7628-0777-4851-939e-150d8f8ddbd1,restructuring.online,resell,,,60,6,13,"GoDaddy.com, LLC",15/04/2026 08:23,15/04/2027 08:23
1499d4a9-4468-4c0d-9f27-d988a4801c45,givingin.online,available,2.99,,50,1,9,name.com,,
14b7cc24-9e86-47ad-8574-1170b39c8e4a,blewit.online,available,2.99,,44,2,7,name.com,,
15cf8b3c-633e-429e-bd9a-d7c26f42ad2c,proxybullying.online,available,2.99,,28,1,14,name.com,,
16a11446-12c3-41b8-8b5e-30225c29a7f8,gobankrupt.online,available,2.99,,68,2,11,name.com,,
16d04163-dc4e-4d4f-b5e1-83ad51ca838f,narratives.online,available,2.99,,58,9,10,name.com,,
1763ecad-61d8-45ea-9219-6aaf5731e0ea,breastaugmentation.online,available,2.99,,66,5,19,name.com,,
189daca3-e6c2-4262-ba64-d3a6175b9c14,tirades.online,available,2.99,,46,1,7,name.com,,
195d0a9a-f68a-488c-95cb-c295064f29c9,spacetravel.online,resell,,,82,28,12,"GoDaddy.com, LLC",26/01/2026 03:00,26/01/2027 23:59
1994e8ac-e7c9-4707-a35f-8f9a0ff7b769,havetheblues.online,available,2.99,,58,1,14,name.com,,
1a2295ec-fd31-49f8-864d-344e70b31e9c,sellthrough.online,available,2.99,,64,2,12,name.com,,
1ac2d612-42fc-4a11-97fd-5549b57dc838,shoveover.online,available,2.99,,59,1,10,name.com,,
1ad67cb9-8969-4d13-a5c4-af9799782a42,refused.online,premium,156.25,,50,4,7,name.com,,
1b253615-675f-4fc2-a21e-0643e450cfe8,blewup.online,available,2.99,,44,1,7,name.com,,
1b7ce617-d669-42f7-ac71-803dc719006d,workfromhome.online,resell,,,51,16,14,"GoDaddy.com, LLC",14/04/2026 13:33,14/04/2027 13:33
1b98d977-eae9-4c65-8b4f-e32b41d44273,defaulted.online,available,2.99,,42,2,9,name.com,,
1bbedaa2-bb8a-4a8b-9533-666a1ff25d1f,backtaxes.online,available,2.99,,62,3,10,name.com,,
1bcffb22-dc18-4486-bf4e-51709fc57ef7,rioted.online,available,2.99,,44,1,6,name.com,,
1c8a0be9-50b9-46ad-8879-27e00aecdbfe,runon.online,available,2.99,,67,4,6,name.com,,
1cdadf32-303f-4364-a553-3b3675bc5cea,publicservice.online,resell,,,65,8,14,"GoDaddy.com, LLC",17/12/2025 01:28,17/12/2026 23:59
1dad0941-a006-47ad-b6ba-a9381a00e054,gomad.online,available,2.99,,70,5,6,name.com,,
1dba76ca-3fb7-460d-803e-f16419e126d4,sued.online,available,2.99,,38,6,4,name.com,,
1e0e47ea-92cd-49e0-8ab0-1bc11a84f728,WorldWarIV.online,available,34.98,,52,1,12,namecheap,,
1e75a99d-2a63-4a0f-9c44-0a59afc24ff9,lightup.online,resell,,,82,15,8,"GoDaddy.com, LLC",09/11/2025 10:10,09/11/2026 23:59
1e9cde56-a700-45f6-aadf-b0e25de4808e,segregation.online,available,2.99,,62,2,11,name.com,,
1eba304d-a38a-4e3e-a729-5f50a8c0b756,FinalJudgment.online,available,34.98,,54,2,14,namecheap,,
1ec17fe8-3926-4212-a2f4-3090b34e2d8e,liberties.online,available,2.99,,56,6,9,name.com,,
1f5bc4f6-32d6-4f93-b3e0-378950abdab8,recessions.online,available,2.99,,46,2,10,name.com,,
204aa290-b110-4dfc-a205-cb898e05efd4,MickeyMouse.online,available,34.98,,86,11,12,namecheap,,
214fd4b8-ec50-45b9-a57e-594e1a3e3d44,dragrace.online,available,2.99,,82,4,9,name.com,,
21842835-553c-4218-81b3-7b663696e470,youknowit.online,available,2.99,,88,2,11,name.com,,
21dc5422-3868-4c4e-8041-e65a91d148b3,proxyvoting.online,available,2.99,,62,2,12,name.com,,
227228d7-b754-4de2-b5ad-93ea8c011cf6,slipthrough.online,available,2.99,,66,1,12,name.com,,
23c91d22-f382-49bf-937b-1d9e8a458728,gooverboard.online,available,2.99,,64,1,12,name.com,,
23fc8d9a-94d0-4fbd-b09e-970c0be50575,hardfacts.online,available,2.99,,58,4,10,name.com,,
248dd203-329c-4209-a0c5-a7f5a06c03e9,slipoff.online,available,2.99,,65,1,8,name.com,,
24f2488d-7b6b-43f2-981f-d1bdffa44d55,influenced.online,available,2.99,,66,9,10,name.com,,
25a546f8-2ab9-4d3b-9f28-5d6a1fa27317,finalreckoning.online,available,2.99,,58,2,15,name.com,,
25d39c25-e507-49cc-888a-663497be3b4b,goaround.online,available,2.99,,74,4,9,name.com,,
2810a414-0c09-4241-bd31-3a8ace3a8a5d,scootover.online,available,2.99,,66,2,10,name.com,,
2a067987-2dba-4143-bd49-29a4427a028f,proxyfight.online,available,2.99,,44,1,11,name.com,,
2a277a01-5f9b-4b89-b4f9-1e04123bfde8,strepthroat.online,available,2.99,,68,2,12,name.com,,
2abd67ed-5704-4bec-a5e2-eee18e761e70,engagementring.online,resell,,,72,6,15,UM DOMAINS PTE. LTD.,30/01/2026 06:53,30/01/2027 23:59
2ba7c893-92f2-4118-99fc-a3de2486435a,demotions.online,available,2.99,,46,1,9,name.com,,
2cee76f6-e513-4303-a718-5889386649a7,bedamned.online,available,2.99,,38,1,9,name.com,,
2e4fa5f7-0c57-4c18-b1d6-d1b3578d8bce,inthemoment.online,available,2.99,,48,7,13,name.com,,
2eb0f515-e093-4cd1-89b2-406d6bdd34ca,overanxious.online,available,2.99,,64,1,12,name.com,,
2f3d5622-ba5d-40ed-8c65-2a4808ca30bd,roofs.online,resell,,,50,11,5,"eNom, LLC",17/07/2021 21:19,17/07/2026 23:59
2f432738-1e36-4093-8920-167675246a8e,ghosts.online,premium,1562.5,,48,14,6,name.com,,
2fca3d3e-a7d0-4e08-876e-8e06383f4481,radios.online,resell,,,55,13,6,"Chengdu West Dimension Digital Technology Co., Ltd.",08/10/2019 06:49,08/10/2026 23:59
31d8f860-39ff-4645-9431-aa42dc4f46fa,possibilities.online,resell,,,52,7,13,Xin Net Technology Corporation,01/09/2024 23:47,01/09/2026 23:59
321aefaa-c6b1-490e-a471-72ffcb7f79ef,WorldExpo.online,available,34.98,,69,9,10,namecheap,,
32d77c65-b743-4999-8cb2-c204edfa5625,arrested.online,premium,156.25,,60,7,8,name.com,,
32ea9ebf-3b98-425c-985b-9c9bcc1b4479,nothankyou.online,available,2.99,,78,5,12,name.com,,
33373b19-4a6a-4010-885d-b1f823767662,WorldFair.online,available,34.98,,67,3,10,namecheap,,
33761eeb-418e-4be5-8c15-ca0ab65cdf52,gaps.online,premium,312.5,,40,8,4,name.com,,
3383ac17-988b-436c-91e0-7114d1c496b3,unsettles.online,available,2.99,,43,1,9,name.com,,
33d40fdb-622f-4cb1-8ad1-28cd3c572872,flourishing.online,resell,,,78,15,11,West263 International Limited,07/02/2026 17:45,07/02/2027 23:59
346baa48-d9a2-4916-9adc-f94f56d5f79c,happier.online,resell,,,62,16,7,"Xiamen ChinaSource Internet Service Co., Ltd",17/12/2025 00:03,17/12/2026 23:59
34a0380e-51aa-4eea-907c-826b64f17421,letterofdismissal.online,available,2.99,,44,1,19,name.com,,
35c9d30b-9b4e-467d-932e-0d3e97664cc1,prosandcons.online,available,2.99,,59,3,13,name.com,,
3626493d-fd46-4371-b236-40e72e5c3c12,havenosympathy.online,available,2.99,,54,1,16,name.com,,
365553bf-8d72-4a6f-85a6-76a4f1e679bc,specification.online,available,2.99,,64,10,13,name.com,,
36d31afd-ea79-4c7e-b749-f95724848dd6,bedhead.online,available,2.99,,72,4,8,name.com,,
3738cc43-3519-472f-8f6a-ce854273bc48,favours.online,available,2.99,,66,4,7,name.com,,
37722cb1-b567-4c0b-9b85-5f52ed86aa5c,prejudices.online,available,2.99,,38,1,10,name.com,,
379e7ff6-9579-4c99-b3c1-4ef4e480af27,sitaround.online,available,2.99,,66,1,10,name.com,,
384591c0-00ac-4ffb-acd3-3924959abd2c,deadly.online,premium,,,52,11,6,,,
386ee4f4-44d6-4bf5-85d6-6e562ab12f9b,nailed.online,premium,78.12,,58,6,6,name.com,,
38c4f32b-5f24-4fc0-8863-6866720e1d39,suspecting.online,available,2.99,,48,1,10,name.com,,
3a918fa4-2e22-4036-bc51-260bc0c24fb3,ratios.online,available,2.99,,46,5,6,name.com,,
3a9631b9-6afc-4d0a-8baa-ec1894bc6f31,sneezed.online,available,2.99,,47,2,7,name.com,,
3c3171ab-f37c-4187-a064-b44af9b2ba2c,tales.online,resell,,,72,14,5,"Chengdu West Dimension Digital Technology Co., Ltd.",16/09/2015 12:51,16/09/2026 23:59
3c31b06a-c490-4275-a446-7aabea164aac,overs.online,available,2.99,,49,6,5,name.com,,
3cb303a1-8eae-4fbc-9d6c-58e148bd88b8,demoted.online,available,2.99,,46,1,7,name.com,,
3d1f3082-82bb-4050-9cba-79f012752322,scars.online,available,2.99,,42,10,5,name.com,,
3e00cb8d-177b-4132-be49-8e0d3a12bab1,brainwaves.online,resell,,,56,8,10,"GoDaddy.com, LLC",31/12/2025 00:29,31/12/2026 23:59
3facc458-5449-4b7b-8832-4d7c86c8c1c6,peed.online,premium,312.5,,54,4,4,name.com,,
3fd337ea-4334-4348-a280-f0815f807593,sticks.online,premium,156.25,,60,11,6,name.com,,
3feec6bd-be8d-494b-9b05-119d4eae2784,Qtips.online,available,34.98,,60,4,6,namecheap,,
406a95a0-f60c-4b0d-9c43-957ea142b1a5,Ihavecancer.online,available,34.98,,44,2,13,namecheap,,
41d18829-7f21-49af-a3cd-73d04ccf03f3,thickskinned.online,available,2.99,,52,1,13,name.com,,
4291f6ec-adda-4a1c-b226-6878cbbe692d,twits.online,available,2.99,,46,3,5,name.com,,
42e66deb-e841-4c68-b716-3d47f4338d27,outofmyway.online,available,2.99,,34,1,13,name.com,,
436baace-b934-4f87-8379-4ed4150f3838,seemlike.online,available,2.99,,54,0,9,name.com,,
44321f0b-efae-4337-ba03-890a80d66a81,getlife.online,available,2.99,,80,5,8,name.com,,
46d748e9-4054-4b87-bdae-8c3478070d93,poreover.online,available,2.99,,62,1,9,name.com,,
46ef908f-b6d6-436f-9595-dd8125216eed,dollarstore.online,resell,,,62,15,12,"GoDaddy.com, LLC",17/02/2026 02:21,17/02/2027 23:59
46fd2bbf-c869-424c-8b69-4c2d19d78efe,spillover.online,available,2.99,,68,4,10,name.com,,
48eaab18-fc8f-4478-9028-0516b018d9d8,bebothered.online,available,2.99,,63,1,11,name.com,,
494b7c60-3bf4-41e0-8378-bf13f4f5d0fd,difficulties.online,available,2.99,,70,3,12,name.com,,
49502203-188c-4623-ab75-73193b99ee88,determination.online,available,2.99,,70,9,13,name.com,,
4a202994-e90e-4159-92aa-a75d3e1e43d4,gotothewashroom.online,available,2.99,,56,1,18,name.com,,
4a21654b-9db2-4973-a821-9b01228d9172,Spartacus.online,resell,,,72,11,9,"GoDaddy.com, LLC",12/02/2026 07:45,12/02/2027 23:59
4a574f46-8afb-48e3-9984-b05b31fc0078,Xrays.online,available,34.98,,52,5,6,namecheap,,
4d3cbfa7-848e-4b2c-ba0a-e9ea70ab96c8,provide.online,resell,,,76,14,7,"Chengdu West Dimension Digital Technology Co., Ltd.",11/11/2016 08:36,11/11/2026 23:59
4d82617c-ab7e-43cf-bf0c-6e69094cea26,errors.online,premium,78.12,,46,11,6,name.com,,
4dabef8a-3fe2-47fb-bc1f-c358e503597a,gaslit.online,available,2.99,,64,6,6,name.com,,
4e03c035-c302-4107-8d06-6ec001064c5d,sawoff.online,available,2.99,,60,1,7,name.com,,
4e246f84-e0ea-4e39-b9dc-33f602b79430,foes.online,premium,78.12,,46,6,4,name.com,,
4f0cf53d-f13a-416b-bf11-b1c3a9c2dbe1,proxymurder.online,available,2.99,,36,1,12,name.com,,
4f6a2970-220e-42ce-81cf-7d52a46791f8,defaults.online,available,2.99,,44,7,8,name.com,,
4fb350dc-ed2f-48d5-a42b-b93bf1ec4423,alcoholpoisoning.online,available,2.99,,48,1,17,name.com,,
5051268c-11d2-4d15-80c8-99e83e996092,explains.online,available,2.99,,50,4,8,name.com,,
50569d0c-e4a6-48f0-afc4-45d4beacc711,parkin.online,premium,78.12,,59,8,7,name.com,,
50832574-8dc4-4348-a173-4ad725d6ca7b,reminded.online,available,2.99,,60,4,8,name.com,,
5102fa57-67b8-4c98-9322-d87eb511e824,rages.online,available,2.99,,40,4,5,name.com,,
516f157b-6713-41ee-8fcb-6b391750631b,waitup.online,available,2.99,,63,2,7,name.com,,
51f558f4-0c42-46bf-a0e8-646d826f2572,doesnotcompute.online,available,2.99,,40,3,16,name.com,,
521855a0-0c51-43b5-a5ab-3bef3231ea8f,throats.online,available,2.99,,44,2,7,name.com,,
535502b3-ac62-4000-b586-a9dde429c3b2,located.online,premium,,,62,7,7,,,
53e8c81e-948e-43a5-a734-0f0be1f76371,sameoldstuff.online,available,2.99,,34,1,14,name.com,,
53fdce9d-ab2d-4d08-936b-23121bbaa08b,disorders.online,premium,78.12,,46,5,9,name.com,,
549c62e7-3687-412b-8c4c-2f754d20940f,goingbad.online,available,2.99,,46,1,9,name.com,,
55a0c8c9-9c18-45a6-844a-ed7701bd96ee,slipin.online,available,2.99,,65,2,7,name.com,,
5613666e-5b3d-40b5-9d67-61a78f4958bd,commonweal.online,available,2.99,,68,5,11,name.com,,
5631d5c2-c714-4094-bb09-ecafc2cfab59,WestHills.online,available,34.98,,62,9,10,namecheap,,
565a8c84-113e-44ec-bd31-22c6c572f95c,hairbrush.online,available,2.99,,76,6,10,name.com,,
57feffc7-ec1f-481b-b3b3-906dbf11538b,fullfrontalnudity.online,available,2.99,,48,1,19,name.com,,
58414a43-0cd1-4d58-91b6-2819191a9cc1,uptoanything.online,available,2.99,,52,1,14,name.com,,
58720800-228a-4247-8969-7fa867bec30c,youthink.online,available,2.99,,52,6,9,name.com,,
58962bb8-e925-4f58-8a15-ef29147c82ff,somuchfor.online,available,2.99,,46,0,11,name.com,,
58aef6b0-93bd-41b7-94b5-891a8d1d7c37,keepunder.online,available,2.99,,66,1,10,name.com,,
593d30fc-6186-41d2-ab8a-ecbe04d2384d,underprotest.online,available,2.99,,30,1,13,name.com,,
597ded6a-d6a6-4a4d-be8b-0a1d410237eb,pickupline.online,available,2.99,,76,2,12,name.com,,
599c299a-7697-40d1-8b25-010daf3703bb,thanksaton.online,available,2.99,,62,1,12,name.com,,
59bec11d-f70a-4248-a6a2-ec59225675ed,disappointment.online,premium,156.25,,50,4,14,name.com,,
59d0e52d-b476-469a-b91f-8dc6cbcb1c6a,highsugar.online,available,2.99,,52,1,10,name.com,,
5a767755-eb24-42ce-aec8-7988660cce4b,seekers.online,premium,6514.75,,58,15,7,"Xiamen ChinaSource Internet Service Co., Ltd",13/04/2025 12:49,13/04/2027 23:59
5cec80a8-aeff-4b02-95e5-ac1a24336f6d,contracted.online,premium,,,66,3,10,,,
5d8a463d-827a-4911-a28d-db97251ef418,howthedevil.online,available,2.99,,40,0,13,name.com,,
5d8cb698-e07b-4a53-8ec3-c53c53bb516d,keepfrom.online,available,2.99,,52,1,9,name.com,,
5e077e10-69ed-44bd-bae5-017ae555d2be,notsomuch.online,available,2.99,,46,1,11,name.com,,
5e12d4da-9314-4e25-a89d-db7eea0a4b61,breakfasts.online,available,2.99,,60,2,10,name.com,,
5e3d3455-a2d4-493d-8155-9a045827ba1e,stuffit.online,available,2.99,,44,5,8,name.com,,
5e58897e-e9ca-4d66-832e-9d6ec23642d7,coffeebreak.online,resell,,,86,10,12,Dynadot Inc,03/02/2026 00:09,03/02/2027 23:59
5e7cfde0-25ba-44fe-a7a9-45212fb4dfc2,fundamentalism.online,available,2.99,,58,2,14,name.com,,
5ef8a6ae-2a5c-46b6-894e-6c32d82e2b4b,chatbot.online,resell,,,82,36,7,"NameCheap, Inc.",10/12/2015 23:30,10/12/2026 23:59
5f14874e-4531-44f6-b975-52447bb1dcee,footballers.online,available,2.99,,68,4,11,name.com,,
5fe64bbd-822c-4ba1-bfe9-eecd18fb538a,chestnuts.online,available,2.99,,54,5,9,name.com,,
60431be1-deef-4dad-b240-9e1c47a9d9fa,toburn.online,available,2.99,,50,1,7,name.com,,
6113aef8-7ec1-4d5d-89e9-af267f741a1a,woes.online,available,2.99,,46,4,4,name.com,,
622804e6-43c8-4916-adc5-79db562c92df,punched.online,available,2.99,,50,3,7,name.com,,
6279e1b2-7a4e-4c21-b0a1-ebbff4d494dc,reprimanded.online,available,2.99,,42,1,11,name.com,,
6306e4d9-ecd3-425d-b53a-67e73562b659,lactoseintolerance.online,available,2.99,,56,2,19,name.com,,
6499f13e-eab6-4dc1-aeb0-8047f58b917d,kingsize.online,resell,,,74,16,9,"GoDaddy.com, LLC",24/01/2026 04:09,24/01/2027 23:59
6511729c-7909-4299-98c9-7cb88287b18b,ambivalence.online,available,2.99,,76,4,11,name.com,,
666b53fe-eb37-4bbb-af5f-e02cccdc67b3,deadon.online,available,2.99,,66,4,7,name.com,,
6719928e-1324-4f16-8381-83e03c465e72,turns.online,premium,78.12,,62,7,5,name.com,,
675b1660-ae64-4f56-a202-4e01a285a937,alcoholics.online,premium,156.25,,38,4,10,name.com,,
6835693e-c5e9-4f85-949e-a44888a038a0,newsreporter.online,available,2.99,,46,4,13,name.com,,
68784632-eda6-4bf1-acd9-79addce33a7f,rockbottom.online,available,2.99,,66,9,11,name.com,,
687b5891-b533-4ae3-900b-582b98a69c6c,preliminarily.online,available,2.99,,41,1,13,name.com,,
68a44d3f-6ef1-4d50-9999-fe5ede43c537,makebelieve.online,resell,,,76,9,12,West263 International Limited,18/01/2026 02:14,18/01/2027 23:59
692b11af-4714-41d6-9610-776b648ee074,tabs.online,premium,1562.5,,46,19,4,name.com,,
694845ed-fd54-448c-9558-50d2921f8063,techniques.online,resell,,,50,5,10,"Chengdu West Dimension Digital Technology Co., Ltd.",16/09/2015 13:17,16/09/2026 23:59
69b4b20f-2582-4d9c-9bea-945841927e1b,wars.online,resell,,,48,10,4,Alibaba Cloud Computing Ltd. d/b/a HiChina (www.net.cn),26/08/2015 20:18,26/08/2028 23:59
6a56c960-21f3-4584-9abf-92acddc7943b,slipitto.online,available,2.99,,64,1,10,name.com,,
6a7c80b9-60dc-43b0-b61c-481f25ded45e,suggestions.online,resell,,,56,5,11,"Xiamen ChinaSource Internet Service Co., Ltd",07/09/2025 13:38,07/09/2026 23:59
6bdbddd6-acc9-4233-999e-40f1dd1e79b9,twentyseven.online,resell,,,65,7,12,"GoDaddy.com, LLC",13/11/2025 05:51,13/11/2026 23:59
6c4b9d17-8fe7-4663-8ba7-55b59f719d47,deteriorates.online,available,2.99,,38,1,12,name.com,,
6c760b6c-d75c-4dba-8b88-2c6a34dbd944,underestimated.online,available,2.99,,42,6,14,name.com,,
6cc4d5c0-fbef-4cc1-9fc4-e3f4f7c8e012,filesize.online,available,2.99,,64,2,9,name.com,,
6ceb8aec-dcfc-40d0-b5bf-595e50b0878a,havethefoggiest.online,available,2.99,,54,1,17,name.com,,
6d0d3b40-fc33-46f8-9d08-1e20ef103456,victims.online,premium,156.25,,42,5,7,name.com,,
6d232a33-9920-4d2a-a870-7c64b6e5de0b,takehuff.online,available,2.99,,64,1,9,name.com,,
6d303222-96e1-4f2e-84b3-2e55165e59fd,shortages.online,available,2.99,,48,3,9,name.com,,
6d887149-ccc4-49fc-b094-faf10840f0ed,ladiesandgents.online,available,2.99,,68,2,16,name.com,,
6decb2b7-c90b-4366-9c89-73f36dd71b4e,havenoneofit.online,available,2.99,,56,1,15,name.com,,
6df6192d-540b-4662-81ef-00804504c3a1,axes.online,premium,781.25,,36,10,4,name.com,,
6e219c94-70a1-4676-b06d-386830ec25ec,chiefofstaff.online,available,2.99,,60,9,14,name.com,,
6ea8c558-d439-4963-9990-90b84a31f51e,scratches.online,available,2.99,,60,4,9,name.com,,
6eb86a95-b628-44fc-b417-a7e9251d0bd3,goplaces.online,available,2.99,,74,5,9,name.com,,
6f038caf-c2a7-43df-b82a-7304833e73b5,cuddles.online,resell,,,71,10,7,"GoDaddy.com, LLC",14/11/2025 13:55,14/11/2026 23:59
6f1a62b8-02bc-426e-9416-55808cc79bf0,bricks.online,premium,156.25,,56,28,6,name.com,,
6fd6bd62-c630-4854-b74a-41fde6c4b8de,told.online,resell,,,52,13,4,"Sav.com, LLC - 48",29/06/2025 01:09,29/06/2026 23:59
700c021c-7496-4cfc-9201-248e5fe6cb0e,FinalFour.online,available,34.98,,82,3,10,namecheap,,
700df14b-987e-4285-9fda-0527427c3df9,ofan.online,available,2.99,,44,4,5,name.com,,
704f8eb8-16ca-4165-8606-bffeecb46090,sidewindow.online,available,2.99,,44,1,11,name.com,,
7143523a-52e8-4a86-9b8f-25be5b566433,deeper.online,resell,,,56,19,6,"DNSPod, Inc.",11/02/2025 05:03,11/02/2027 23:59
71aba9bd-969b-4335-813e-50b1d53af63b,sophisticated.online,resell,,,70,8,13,UM DOMAINS PTE. LTD.,07/02/2026 01:38,07/02/2027 23:59
7269e067-215f-4b8a-8981-dad8487bf4e6,bandits.online,premium,156.25,,40,10,7,name.com,,
727a36f0-3521-4295-8363-a484618ab841,alcoholusedisorder.online,available,2.99,,48,1,20,name.com,,
72ebbcdd-18b1-4843-8a68-439e3d63b442,havenobusiness.online,available,2.99,,60,1,16,name.com,,
741b9f68-7dc1-42fa-b420-bbf1847c27ed,goAWOL.online,available,34.98,,46,2,7,namecheap,,
75ccd451-9559-4143-b6db-e7dfcbee9021,referred.online,resell,,,52,6,8,1API GmbH,26/08/2015 16:00,26/08/2026 23:59
75de4592-1779-4d04-b827-ca0c3916e60c,aldehydes.online,available,2.99,,36,1,9,name.com,,
75f07523-d180-46e4-b52d-d51b69365934,missionimpossible.online,available,2.99,,68,5,18,name.com,,
764c464f-8c25-4bc6-8265-6ddcbc9288c0,manuallabour.online,available,2.99,,58,1,13,name.com,,
765e9458-e279-4e7f-b742-496e0c60c07f,filingfees.online,available,2.99,,46,1,11,name.com,,
76f18f8d-1fbf-4a12-8cae-081477679368,worked.online,resell,,,70,16,6,"GoDaddy.com, LLC",16/02/2026 14:17,16/02/2027 23:59
77a59630-987c-4d89-8d3f-fb4affc4a3ae,scallops.online,available,2.99,,52,3,8,name.com,,
79125816-f63c-4029-948d-1a79ae0146c2,teamsport.online,resell,,,73,7,10,"GoDaddy.com, LLC",07/04/2026 00:04,07/04/2027 00:04
798c22a0-8132-420c-a065-cf7440b79a79,packages.online,resell,,,54,13,8,Squarespace Domains II LLC,10/08/2022 02:17,10/08/2026 23:59
7a771f12-22fc-4c4b-b9bc-7b8a371b5fda,bees.online,resell,,,54,27,4,Squarespace Domains II LLC,27/08/2015 18:24,27/08/2026 23:59
7bedcfa6-1447-4f56-ba09-c4a947d00546,affects.online,available,2.99,,54,4,7,name.com,,
7beddedd-baa5-44dc-af91-b6ef87102042,chem.online,resell,,,74,24,4,Alibaba Cloud Computing Ltd. d/b/a HiChina (www.net.cn),26/08/2015 22:55,26/08/2026 23:59
7d69ef18-4be2-4535-94f7-b717ef6a47bd,mistakenidentity.online,available,2.99,,52,2,17,name.com,,
7efa2b15-348c-4481-9466-41a17fb6f12f,counterattack.online,premium,156.25,,64,3,14,name.com,,
7f6f09b8-bdce-4153-b729-d2b6d114a9f7,hightech.online,resell,,,83,16,9,Xin Net Technology Corporation,29/01/2024 04:03,29/01/2027 23:59
80bfbb0e-4ace-4c4f-8f5e-33b52527036d,thedamn.online,available,2.99,,38,1,8,name.com,,
828c53df-8803-4cfd-abad-6cabfcde3466,truer.online,available,2.99,,57,8,5,name.com,,
82d796e1-a155-4afb-92e7-037133908dbb,alcoholproblem.online,available,2.99,,30,1,15,name.com,,
836641a0-76bf-4cba-bf52-855b34fe9ed4,disobeying.online,available,2.99,,46,1,10,name.com,,
84197958-2779-43da-9426-bae2c38bd9ac,abilities.online,resell,,,74,4,9,"Xiamen ChinaSource Internet Service Co., Ltd",15/06/2025 12:10,15/06/2026 23:59
84a34bcb-b4cd-4308-b6fe-7e375e3fd0ba,godownhill.online,available,2.99,,68,1,11,name.com,,
8546786d-a298-43f6-8258-bbb6f3102385,breastcancer.online,resell,,,58,9,13,"Xiamen ChinaSource Internet Service Co., Ltd",26/06/2025 00:02,26/06/2026 23:59
859acfc2-d504-4ff5-8bd6-0abfbe05d2cd,refusing.online,premium,78.12,,40,3,8,name.com,,
8772cbd3-87c2-4d52-b42c-e9cb2a875d0e,turnorburn.online,available,2.99,,56,1,12,name.com,,
87c26537-e6eb-412c-8b56-a2f2bfb3c2b5,messed.online,available,2.99,,46,2,6,name.com,,
87f5ad3e-4d4f-452e-a4fa-dc32b4215db9,rashes.online,available,2.99,,40,3,6,name.com,,
881800f2-2612-4985-8018-da02e3b865d4,centralised.online,available,2.99,,70,2,11,name.com,,
883b0c06-3ce1-4043-82eb-73d3a31479dd,phases.online,resell,,,54,10,6,"GoDaddy.com, LLC",31/10/2025 10:32,31/10/2026 23:59
8894ae5c-4516-4e58-824f-5c8793289b6e,explained.online,premium,4501.1,,50,10,9,Xin Net Technology Corporation,15/04/2023 08:04,15/04/2027 23:59
889cfabe-ff1e-492f-af55-55ef1ff4df47,grands.online,available,2.99,,66,8,6,name.com,,
8aea4312-5896-46f1-816f-6bef7974ba2d,justices.online,available,2.99,,52,6,8,name.com,,
8af39a45-8c2e-4a9e-b77a-7c317e4dbaeb,headout.online,available,2.99,,82,6,8,name.com,,
8c3eaf05-f3c5-42e4-87be-97da02d7b7ba,monopolizing.online,available,2.99,,40,1,12,name.com,,
8c48a897-1a81-4f61-bf66-4e737195b9f8,CapeCod.online,resell,,,78,22,8,"GoDaddy.com, LLC",13/11/2025 07:03,13/11/2026 23:59
8c757a34-be44-4af1-b088-9b2303767fe9,counterfeits.online,available,2.99,,40,2,12,name.com,,
8cb5ce11-089b-40d8-be45-f4dfcd5db9ee,probablecause.online,available,2.99,,55,2,14,name.com,,
8d112008-359a-44fe-bae4-9bc49f149d69,inyourdreams.online,available,2.99,,40,3,14,name.com,,
8dc32d2a-e08b-4340-835b-4bf8970c2859,gonowherefast.online,available,2.99,,50,1,15,name.com,,
8deb3538-336d-4639-b963-c4993295589c,redial.online,available,2.99,,71,6,6,name.com,,
8e0cd68c-063f-4b1b-814e-4d5f380fc574,blewagasket.online,available,2.99,,34,1,13,name.com,,
8e7fafbb-d947-4b95-b8a4-3aa491033df6,readmylips.online,available,2.99,,52,5,12,name.com,,
8efa840b-53c1-425f-9522-8c164c50ff22,alcoholintoxication.online,available,2.99,,48,1,20,name.com,,
8fbc3139-5836-4d89-a795-8d61fca3d0f9,counterterrorism.online,premium,78.12,,52,3,17,name.com,,
900b2b57-5f66-40c7-8875-37ee6e923554,salts.online,premium,156.25,,56,7,5,name.com,,
915e1a39-54d7-40f5-b5fd-5e8fd0266a73,racetrack.online,resell,,,77,10,10,"Xiamen ChinaSource Internet Service Co., Ltd",20/12/2025 00:02,20/12/2026 23:59
91679110-87ea-4975-951c-3b70e7d408be,StGeorges.online,available,34.98,,54,6,10,namecheap,,
916846e2-6c1c-4f04-805f-fda0a07f3a10,ventured.online,available,2.99,,60,6,8,name.com,,
917fe455-8e88-4d41-896f-069e014341d9,chickpeas.online,available,2.99,,62,3,9,name.com,,
9274e6f9-61ba-4999-81e6-dde79a638f56,disappointments.online,available,2.99,,30,1,15,name.com,,
93f6d09b-71aa-4b29-817c-ac753f2ed4c4,oars.online,available,2.99,,56,6,4,name.com,,
9654523a-7234-476a-b1d7-57bdcd28bf85,oilterminal.online,available,2.99,,62,1,12,name.com,,
97861cda-d946-43f7-97cc-8a52a97dfb5c,mostwanted.online,premium,78.12,,54,10,11,name.com,,
9833c124-1a0f-45bf-b76e-8542479520a4,terrifies.online,available,2.99,,39,1,9,name.com,,
9909046f-2c0d-40be-b59f-ff0b1bfa91a5,overwith.online,available,2.99,,60,1,9,name.com,,
998ebd3e-3982-44b7-853f-2d3c5de7c575,tempers.online,available,2.99,,56,2,7,name.com,,
9a77103d-17b8-4699-8375-fbbc2c2d6c28,advertises.online,available,2.99,,56,3,10,name.com,,
9a900031-43c3-448e-8290-923974619a79,socialcapital.online,resell,,,64,13,14,"Sav.com, LLC - 49",27/01/2026 08:13,27/01/2027 23:59
9b6b9067-53a4-4561-a726-d441fdee8fd6,justfriends.online,available,2.99,,83,8,12,name.com,,
9b9a0aa2-1304-4167-b41e-8296db935b92,OxyContin.online,available,2.99,,64,6,9,name.com,,
9bf5b8e4-a14a-4ffc-bcf1-e595c67a1070,squalls.online,available,2.99,,44,2,7,name.com,,
9e40bb2f-60a5-40be-83bc-f15e94a7e0a9,hangbyathread.online,available,2.99,,56,1,16,name.com,,
9ebf4b4c-c2f4-4f59-b4f0-43cf0620308a,dont.online,premium,312.5,,42,18,4,name.com,,
a12ae29e-55b6-4ca9-a75f-8c995d7d30cd,starkest.online,available,2.99,,40,2,8,name.com,,
a14d4d9c-be3d-4537-8a77-9bc683441c4f,gomissing.online,available,2.99,,70,1,10,name.com,,
a156f4a4-ff15-4951-92b8-32fcec213529,packingtape.online,available,2.99,,70,2,12,name.com,,
a2cc1cff-b99b-4304-86b7-dab24a9de625,bases.online,resell,,,54,9,5,UM DOMAINS PTE. LTD.,13/02/2026 00:04,13/02/2027 23:59
a37cfa8f-d160-4a9b-9eee-b9fcd6b65445,geton.online,resell,,,82,10,6,"Xiamen ChinaSource Internet Service Co., Ltd",08/06/2025 11:00,08/06/2026 23:59
a3860eed-6a24-49b5-a97d-ef20c739fa43,wastes.online,available,2.99,,50,4,6,name.com,,
a426340a-b77c-4042-8fb6-765e7ac8bcd7,cheeseontoast.online,available,2.99,,64,1,15,name.com,,
a4d37097-a5fc-48de-803a-1d69108464e8,storms.online,premium,78.12,,60,10,6,name.com,,
a557415f-c9ab-4578-aab6-2b651193665c,tokens.online,resell,,,51,36,6,West263 International Limited,20/01/2020 09:25,20/01/2027 23:59
a5bc97f7-3521-4cb4-be23-eecfeddc7682,backbreaking.online,available,2.99,,54,1,13,name.com,,
a600ba8e-c0b9-47de-bce9-97fdeef59d36,arrests.online,available,2.99,,46,5,7,name.com,,
a6866dea-c8af-4d1f-bac5-ea6704246391,squealed.online,available,2.99,,40,1,8,name.com,,
a6d52fa7-f770-438c-83cf-b07eb67e58ae,weddingcake.online,available,2.99,,85,5,12,name.com,,
a6f4b929-745c-4dd0-b045-e690f26e972e,sedated.online,available,2.99,,43,2,7,name.com,,
a70d2df1-809b-4c85-bdf2-88b62d00cb70,cheesedown.online,available,2.99,,62,0,11,name.com,,
a786ee36-67c7-45b8-a213-0c643327eeb8,officedesk.online,available,2.99,,55,5,11,name.com,,
a78b281c-1ec1-48a7-9de7-642791d9d7f6,haircuts.online,available,2.99,,60,6,8,name.com,,
a7909e48-af9e-4597-9b2b-fd0698353032,atyourservice.online,resell,,,70,10,15,"GoDaddy.com, LLC",02/02/2026 16:25,02/02/2027 23:59
a7c4218b-4db9-4743-8ee5-840fc05faaeb,nauseousness.online,available,2.99,,58,1,12,name.com,,
a81b85eb-d9a5-4a6c-9082-30782810f6be,onfire.online,resell,,,50,12,7,Dynadot Inc,12/03/2026 01:09,12/03/2027 23:59
a863f417-5150-4965-a0d0-96e344b76f41,oppositions.online,available,2.99,,48,2,11,name.com,,
a8fb1df7-455a-4c6b-955c-1e37d8e09f01,reallife.online,resell,,,68,17,9,Realtime Register B.V.,07/09/2023 20:23,07/09/2026 23:59
a99bf800-8299-491b-aa2e-6451dd825b84,overrated.online,available,2.99,,60,6,10,name.com,,
ab0390c0-617d-45b9-824e-46e69f778d94,goastray.online,available,2.99,,66,1,9,name.com,,
ab765f17-aced-40b1-a056-02d08256d032,neighbourhood.online,resell,,,70,14,13,"GoDaddy.com, LLC",30/01/2026 06:33,30/01/2027 23:59
ac199422-2b4d-4943-bdbd-67dc353d0f77,SouthTyrol.online,available,34.98,,66,6,11,namecheap,,
acca96bf-4a32-499c-bfd6-2cf2f8dcd3df,eventhough.online,available,2.99,,58,2,11,name.com,,
ad51c061-ce6c-47f4-96a0-af68b0f1f93e,carbonmonoxide.online,available,2.99,,54,4,15,name.com,,
ade8d6c8-daf7-46b5-bb78-5309dce7924b,floodwaters.online,available,2.99,,56,2,11,name.com,,
adfe5f90-da02-4ead-aa61-78665cecade8,toexcess.online,available,2.99,,55,0,9,name.com,,
ae0d818d-6641-4856-acdc-772c84b8ca9c,gobust.online,available,2.99,,68,1,7,name.com,,
ae34475e-af08-4017-822c-b30372589e95,accountreceivable.online,available,2.99,,62,1,18,name.com,,
ae40028c-7c46-47e4-8243-06ffff1a92bc,SantaClara.online,available,34.98,,75,9,11,namecheap,,
ae56fb53-8641-4005-a2f5-51668410b2ae,slowed.online,available,2.99,,48,3,6,name.com,,
b09f19d8-5d2d-4bae-a21e-7cd666e2f71f,demoting.online,available,2.99,,46,1,8,name.com,,
b10ba1a7-5215-4b7d-afa7-36f635a65b9d,farmers.online,premium,156.25,,54,59,7,name.com,,
b12a4ab8-1b1b-4eec-ab52-a3cd93d25143,stuffyou.online,available,2.99,,44,1,9,name.com,,
b26e32eb-e8d5-4a55-b801-a53b50c5e94b,alcoholaddiction.online,available,2.99,,50,3,17,name.com,,
b29f6301-c418-4da2-a124-9d410a2e33dd,somuchso.online,available,2.99,,50,1,10,name.com,,
b3147929-407e-4018-b2ac-c21411e36bd7,backtobasics.online,resell,,,70,10,14,"GoDaddy.com, LLC",04/04/2026 08:37,04/04/2027 08:37
b3794671-1a6f-4d4e-bfae-be317a833cf4,Containers.online,resell,,,54,17,10,Squarespace Domains II LLC,01/09/2021 20:39,01/09/2026 23:59
b3aba465-8cb1-44cd-b723-d56c928ef899,Ichooseviolence.online,available,34.98,,44,1,17,namecheap,,
b3fe9008-b786-4852-bc5d-4a8da8599b94,devoured.online,available,2.99,,40,3,8,name.com,,
b408c5cd-ffd4-4021-b9bd-a9717b8fddaa,slipdress.online,available,2.99,,76,1,10,name.com,,
b4bb4828-3404-4bd2-afb2-93f236719d29,gettingeven.online,available,2.99,,48,1,12,name.com,,
b65c3862-0fcc-451b-8c95-0243e2d9bf3b,sucks.online,premium,78.12,,48,11,5,name.com,,
b6dd1ab5-6331-4beb-a3c3-b96644127b20,inwriting.online,available,2.99,,72,3,10,name.com,,
b71d99b4-d814-41d5-b705-e0b440b97091,finalstraw.online,available,2.99,,66,2,11,name.com,,
b797ba50-82b7-48d0-8d7c-2ea835c7d633,leaveover.online,available,2.99,,70,1,10,name.com,,
b9f7006a-dfa5-4683-b590-6893983735a0,distresscall.online,available,2.99,,32,1,13,name.com,,
bba7d822-f621-4e4a-9fcb-2f41febf81fc,gettheboot.online,available,2.99,,70,1,12,name.com,,
bc33d3b9-be27-43cf-856c-64e45936ecd0,costcutting.online,available,2.99,,64,3,12,name.com,,
bcaa3c78-a080-4ad2-94d5-adfd279b7232,IamHIVpositive.online,available,34.98,,44,1,17,namecheap,,
bee3ec5e-4c16-4071-be83-09d7efe7d0af,nowwhat.online,available,2.99,,58,14,8,name.com,,
bf15a97b-d1f5-42c1-b44c-550656cd4f13,WhiteHouse.online,premium,175,700,66,33,11,namecheap,,
bfaa9640-3cf1-4a75-8e2d-bfa2ff58ba12,collapsing.online,available,2.99,,38,3,10,name.com,,
bff4f936-8d08-432e-b8ce-2b40d0e5f29e,devours.online,available,2.99,,40,2,7,name.com,,
c0e263a9-9871-47dd-b1a7-f15ae60b32b4,replies.online,resell,,,54,7,7,"GoDaddy.com, LLC",02/12/2025 02:35,02/12/2026 23:59
c124c19b-7cc1-4d1c-9054-472901f38674,napkins.online,resell,,,50,6,7,"GoDaddy.com, LLC",11/01/2026 11:47,11/01/2027 23:59
c201f5ca-245c-4d5f-85fe-743d10c2a082,cucumbers.online,available,2.99,,74,4,9,name.com,,
c307bd22-5be1-4d77-9617-cef0e9acb78e,flipflops.online,resell,,,52,5,10,"GoDaddy.com, LLC",10/04/2026 08:36,10/04/2027 08:36
c3fdcb77-7255-4d38-873e-74e3695df1a1,terminators.online,available,2.99,,46,3,11,name.com,,
c427c3f2-580b-43f4-92e5-0051add4da6b,turds.online,available,2.99,,38,3,5,name.com,,
c49fa785-367d-4d65-a00a-1a7bb9a38ea8,gothrough.online,available,2.99,,70,2,10,name.com,,
c625a0ce-dc1a-4ab2-a7d6-45d21687a80b,beridof.online,available,2.99,,46,1,9,name.com,,
c68ff8c5-7636-4ef2-bf25-f4f43f0da0ca,topfive.online,resell,,,52,9,8,"GoDaddy.com, LLC",10/04/2026 08:36,10/04/2027 08:36
c71883b7-2320-489f-961f-745dcfe33249,newer.online,premium,78.12,,60,8,5,name.com,,
c7e3ac65-40da-44a2-87a1-ae9baeb84291,payoff.online,resell,,,70,8,7,Xin Net Technology Corporation,28/02/2021 20:38,28/02/2027 23:59
c81291ae-fd68-430a-9a63-09dfff6949e8,MerryXmas.online,available,34.98,,70,4,10,namecheap,,
c9b090c8-7992-436a-8486-a344253f25e8,fitout.online,resell,,,76,8,7,"GoDaddy.com, LLC",02/04/2026 06:03,02/04/2027 06:03
ca12afad-50ce-4321-a443-c1928e7c6026,movefurniture.online,available,2.99,,68,1,14,name.com,,
caf0e84a-2da0-4ab7-82ec-76eaa39729f2,gowiththeflow.online,available,2.99,,82,7,16,name.com,,
cb614cb5-02a2-46d9-9193-b4f284f1ecbd,mouthed.online,available,2.99,,63,1,7,name.com,,
cb8a3a21-d9e6-49cd-b685-8ac63adddcbb,mortars.online,available,2.99,,40,2,7,name.com,,
cba34d28-5e9a-432e-ae83-db143cd59bfa,makeovers.online,available,2.99,,62,3,9,name.com,,
cbe6595f-287e-4044-8b0f-585ba39b4beb,dusts.online,available,2.99,,52,3,5,name.com,,
cc259e47-de41-439c-8999-93f5b627aa51,turnedoff.online,available,2.99,,42,1,10,name.com,,
cc2c3908-3eaf-4680-bc62-0d0e4f96cb4b,decoders.online,available,2.99,,50,5,8,name.com,,
ccedd704-8a71-4a7c-9c62-1ca143a2d7ee,childsextourism.online,available,2.99,,30,1,17,name.com,,
cde4f596-4469-4314-9fc2-cec1807f7758,synchronizes.online,available,2.99,,62,1,12,name.com,,
ce5b49fb-72ed-4a9b-b4e5-31f8a5f2edf8,thinkabout.online,available,2.99,,77,9,11,name.com,,
cf5d0131-4b05-4fa8-b9c2-c6a8d014be14,goawry.online,available,2.99,,66,0,7,name.com,,
cf9aacb2-c374-4557-a8a6-067f9f772e24,proxycard.online,available,2.99,,44,2,10,name.com,,
d08ec7e3-c191-40be-a519-0defe66ab115,suppresses.online,available,2.99,,44,1,10,name.com,,
d09999c3-c5de-4815-b998-d2a29ac72d31,thereaway.online,available,2.99,,58,1,10,name.com,,
d154c452-c9d4-43af-b3b8-06d09e53722b,paperingover.online,available,2.99,,53,1,13,name.com,,
d16075c4-e159-4103-a5bb-b6bb58ec4dfa,coffeeman.online,available,2.99,,80,4,9,name.com,,
d1f12cda-3d87-4190-b9f3-868a8d5ae94f,uncared.online,available,2.99,,57,1,7,name.com,,
d3b7a7a9-2c89-4823-9b6d-e7a2fa9ba6ff,toomuch.online,resell,,,78,11,8,Dynadot Inc,16/03/2026 00:07,16/03/2027 23:59
d4d8ab5c-86c7-4eed-869d-941222b21fb9,Crayola.online,resell,,,80,61,7,"GoDaddy.com, LLC",12/04/2026 10:49,12/04/2027 10:49
d5ba7ce2-c9d6-4861-addc-d1072895a888,waitout.online,available,2.99,,63,1,8,name.com,,
d5dbaa5e-c41d-4123-8bc7-454ba4616d75,filetype.online,available,2.99,,64,3,9,name.com,,
d62c0aea-9e48-40d7-9cd7-7cb01489e72c,slugs.online,premium,156.25,,52,6,5,name.com,,
d6a2779d-2708-4671-ad3b-12beac99dd05,mistakes.online,premium,78.12,,52,7,8,name.com,,
d7401e13-1835-45b3-8c88-e06e592419e6,massagetherapy.online,resell,,,76,8,15,Squarespace Domains II LLC,11/08/2021 07:15,11/08/2026 23:59
d9d22e1c-b9a0-4614-b6f6-cd307ed9f935,smashandgrab.online,available,2.99,,48,2,14,name.com,,
da61b220-319b-46fb-8d77-6f3435ed46cf,pizzatopping.online,available,2.99,,48,1,13,name.com,,
da715eb2-248b-4440-b509-d08985bedf15,radioed.online,available,2.99,,50,1,7,name.com,,
daa4b1c4-037e-4695-9278-cb39a85ceca0,howtheheck.online,available,2.99,,48,1,12,name.com,,
db03d700-ee56-49c3-a996-2197b7d64cec,failed.online,premium,78.12,,60,11,6,name.com,,
dbdd78a7-061a-4773-8c4d-2361ea7fda49,bottoms.online,premium,156.25,,60,7,7,name.com,,
dbf1a406-d456-4364-a1d1-d58ec1c65fb4,hangon.online,resell,,,82,6,7,"GoDaddy.com, LLC",20/01/2026 04:04,20/01/2027 23:59
dc703f5d-4cb9-469d-89bd-16e88106ee46,cements.online,available,2.99,,56,3,7,name.com,,
dd31e4db-9635-4b18-b4dc-6ad29df47fa4,roadsign.online,available,2.99,,70,4,9,name.com,,
ddc3d92c-1eb0-4237-9d54-bad48e1b1090,fivestar.online,resell,,,86,25,9,"Sav.com, LLC- 5",07/12/2025 08:26,07/12/2026 23:59
de749521-9e17-4edc-8f2d-8697de268102,PopeGregoryI.online,available,34.98,,28,1,14,namecheap,,
dea95546-71c7-470e-b051-801d09118325,pulls.online,available,2.99,,52,6,5,name.com,,
df47a544-6f23-42d6-99c7-519d6d5646f4,etc.online,premium,781.25,,58,34,3,name.com,,
df71bf9d-f748-4156-af57-3fa93f94c6d7,germs.online,premium,78.12,,40,5,5,name.com,,
dfd608dc-eded-46f1-9ced-9b73213a1eb9,guns.online,premium,1562.5,,68,22,4,name.com,,
dffda938-d9f3-47f8-ada0-6948e2c8c28b,olive.online,premium,,,66,36,5,,,
e0aa6953-8e93-48bf-bc87-658ff5a0a1e0,designers.online,premium,156.25,,72,15,9,name.com,,
e2c463d4-54ff-4eb5-9086-ceac91d55396,gonowhere.online,available,2.99,,62,2,10,name.com,,
e2f13911-9116-4fd3-8e15-753aa27e81f2,speedoflight.online,available,2.99,,70,6,14,name.com,,
e2fa441d-d14c-471f-9d53-e7bee69bb167,fails.online,premium,156.25,,46,7,5,name.com,,
e33f6c12-0afb-4a8e-a891-689d43bceb78,razorburn.online,available,2.99,,60,1,10,name.com,,
e34c6c0f-cffd-4983-b8b4-ee635b4182f9,highsociety.online,available,2.99,,73,8,12,name.com,,
e392f7f0-f909-4eb9-8e75-2d3efa2245da,executivecontrol.online,available,2.99,,64,1,17,name.com,,
e3a6f98d-a0ed-4e44-aca2-55cd91ac7196,behindschedule.online,available,2.99,,38,1,15,name.com,,
e43fc510-ce51-4865-9009-187e82111eb0,conflicts.online,premium,78.12,,66,5,9,name.com,,
e450083b-c1ad-4b3a-bda8-070d278e7d7f,sexualassault.online,available,2.99,,43,3,14,name.com,,
e5554b26-c396-4438-9375-8e4d3621a4a4,couldnotcareless.online,available,2.99,,38,0,19,name.com,,
e5d2e9fc-499c-48c6-94c8-c791e615ffc7,overwhelmed.online,premium,78.12,,48,5,11,name.com,,
e6e60626-7142-4c38-b366-49a14e5503c3,killed.online,available,2.99,,56,5,6,name.com,,
e70b92d1-762c-444c-bd53-a4ae71869f2f,childmarriage.online,available,2.99,,48,2,14,name.com,,
e73f7e25-9a96-4709-9ca0-cf84d7d70539,goby.online,premium,78.12,,74,9,5,name.com,,
e793e7a6-cca0-4769-848c-8502744bf635,paintthinner.online,available,2.99,,56,1,13,name.com,,
e8362c42-f990-4f82-bd0c-43826e991c38,keepitdown.online,available,2.99,,46,0,12,name.com,,
e8442c29-1e1d-458c-b684-ccbd55cf1f18,gonegative.online,available,2.99,,66,1,11,name.com,,
e85dda09-80f9-4692-8818-6fa27956e127,firsttime.online,resell,,,74,10,10,Squarespace Domains LLC,30/12/2023 20:31,30/12/2026 23:59
e91d8c4c-2017-4439-94e2-94e3952ae023,goballistic.online,available,2.99,,68,2,12,name.com,,
e91ebd0c-8a00-4959-8a4b-486864052314,dropabombshell.online,available,2.99,,58,0,16,name.com,,
ea5be907-9ff5-43fb-9ce3-50a6da7a6597,demotes.online,available,2.99,,46,1,7,name.com,,
eafa2f23-99f1-4d48-a122-e7087ee7addd,fillup.online,resell,,,72,7,7,"GoDaddy.com, LLC",12/04/2026 10:57,12/04/2027 10:57
eb4275c5-5598-44e3-9950-51736265f613,pizzaplace.online,available,2.99,,56,3,11,name.com,,
ebf937e5-21c7-45d7-b918-fdfe981a204a,goberserk.online,available,2.99,,68,1,10,name.com,,
ed9cd35a-d09d-4416-b9c4-4dd4766aea73,bedframe.online,available,2.99,,80,3,9,name.com,,
eddcdc24-e2b6-4ed1-9a31-6ea49c1be114,pardonme.online,available,2.99,,62,4,9,name.com,,
ede3985d-e0c6-4d5b-a2d3-4514f51626ac,worldsapart.online,available,2.99,,64,3,12,name.com,,
edf564f1-857d-468b-b4bd-bd6a7e9b1587,generalstores.online,available,2.99,,50,2,14,name.com,,
ee071a12-4a7d-455e-9ef4-c74e1f023af7,joints.online,resell,,,48,8,6,"GoDaddy.com, LLC",17/03/2026 10:14,17/03/2027 10:14
ee10f684-0472-4e32-98d4-b3b0fbdd2e2c,aloevera.online,resell,,,80,10,9,"Chengdu West Dimension Digital Technology Co., Ltd.",01/04/2023 04:10,01/04/2027 23:59
ee16caa4-73fa-48ad-8865-fcc3a5b94ea1,rubs.online,premium,1562.5,,52,6,4,name.com,,
ee619d29-432d-47a9-b3fa-0c02f8312ea8,proxybattle.online,available,2.99,,44,1,12,name.com,,
ef047217-8577-4a6e-a521-9c9d5f9e586a,gototherestroom.online,available,2.99,,56,1,18,name.com,,
ef9ba3d8-2005-437a-bedd-c4177a1d63ae,drivethru.online,resell,,,76,11,10,Dynadot Inc,03/02/2026 00:07,03/02/2027 23:59
efe8f734-a580-49e2-b9bb-08a464cb42d0,hangover.online,premium,781.25,,62,12,9,name.com,,
eff7f36b-2613-4d38-842d-9cb8fdc5495b,nitpicking.online,available,2.99,,58,1,10,name.com,,
f0483589-2031-4949-83d2-0db9d0e29992,havenousefor.online,available,2.99,,56,0,15,name.com,,
f04bc3f9-8323-4cc6-aad3-151caf87d2ee,tenths.online,available,2.99,,50,4,6,name.com,,
f0f0fc5a-58be-4dd5-875b-f70e427047b7,nuclei.online,available,2.99,,44,7,6,name.com,,
f17814e2-02bc-447c-8ef4-6a62607818d9,deaths.online,premium,156.25,,50,6,6,name.com,,
f1912d76-b3d4-4d63-9c46-d5f086c68c45,getsick.online,available,2.99,,72,1,8,name.com,,
f20003cc-e56c-4f15-bfff-d2c25fac1601,donuts.online,resell,,,54,62,6,Squarespace Domains II LLC,26/08/2015 16:00,26/08/2026 23:59
f20750e7-238e-4a9f-b35c-1f8e4c13531d,parkup.online,available,2.99,,59,4,7,name.com,,
f216ec3e-d1b4-4f2d-ae4e-c17abe15fdbf,offenses.online,available,2.99,,40,2,8,name.com,,
f2478cb7-a86c-4f12-ba3b-8316f89dfc08,barbedwire.online,available,2.99,,66,3,11,name.com,,
f29af405-92c1-4b29-b409-32a7d378232b,smashinto.online,available,2.99,,38,0,10,name.com,,
f2a357eb-8571-406c-b2f9-b05f0dc2e4d2,stepaside.online,available,2.99,,74,2,10,name.com,,
f3362629-8127-4b53-8c8a-5b644e0356cf,oaktrees.online,available,2.99,,56,3,9,name.com,,
f614665e-d35d-4dac-a083-889d76285c35,takealeak.online,available,2.99,,63,1,11,name.com,,
f6276dd1-3a08-47c6-8636-4cdf205a861e,thefixisin.online,available,2.99,,38,1,13,name.com,,
f738343a-93bc-4cb4-9efb-b6abb4900159,oranything.online,available,2.99,,44,1,11,name.com,,
f759c141-5419-43a9-b7e4-d46a2377fb4d,boundaries.online,resell,,,56,7,10,Key-Systems LLC,26/05/2025 18:57,26/05/2026 23:59
f776aaac-05ba-4fcb-8073-e2a864b2ba60,makeit.online,resell,,,82,22,7,"Chengdu West Dimension Digital Technology Co., Ltd.",25/06/2020 04:30,25/06/2026 23:59
f82254dc-4024-49d9-b3f5-82a5e035019b,yards.online,resell,,,66,9,5,Xin Net Technology Corporation,24/06/2022 21:08,24/06/2026 23:59
f89848f4-a12d-425d-b5b0-a4e8704db118,biases.online,available,2.99,,42,3,6,name.com,,
f9b6733e-0371-4fb4-9370-f212cd32475b,disappoints.online,available,2.99,,36,1,11,name.com,,
f9c27650-f9e1-428a-8366-cf99357838af,facilitation.online,resell,,,74,12,12,"GoDaddy.com, LLC",23/02/2026 01:32,23/02/2027 23:59
f9fa443c-d0a6-47ee-b9a6-5671cce14180,highprofile.online,available,2.99,,70,4,12,name.com,,
fa2f3270-f67d-4882-8b10-03b7f327ac10,cometogether.online,available,2.99,,70,10,13,name.com,,
fa9664ab-baa9-4bff-8a4d-fe9f2713eb76,longterm.online,resell,,,72,10,9,"Chengdu West Dimension Digital Technology Co., Ltd.",04/11/2022 10:48,04/11/2026 23:59
fab22e14-2c18-4d6e-80ce-84423261956b,WestHill.online,available,34.98,,62,12,9,namecheap,,
fcef0fa8-3360-4a78-a994-b245bd06dee6,lies.online,premium,156.25,,60,12,4,name.com,,
fd21f53e-1b06-489f-8875-d5080d7ac5b1,indanger.online,available,2.99,,60,1,9,name.com,,
fd5bc91b-7b95-492b-9d71-533b91f23571,reflects.online,available,2.99,,50,6,8,name.com,,
fd751d57-6954-4b8c-a6a3-214d2087fad0,tickledpink.online,available,2.99,,75,14,12,name.com,,
fd91038b-b4f6-4678-9b54-8c365347b5e2,havenot.online,available,2.99,,66,4,8,name.com,,
fd95579d-4090-46a2-97fd-db17bbfa3931,withintent.online,available,2.99,,54,6,11,name.com,,
fdd50960-b369-4106-a9e5-a988283288ae,gohome.online,resell,,,76,14,7,"Sav.com, LLC - 30",24/01/2026 21:53,24/01/2027 23:59
fdde5e58-a04f-4cf4-9a4e-c3d2258b047e,walktheline.online,available,2.99,,68,3,13,name.com,,
fe2fd321-2f8f-42e5-b20a-7385d10d5dcc,howdiditgo.online,available,2.99,,52,4,13,name.com,,
fe3d6d39-7621-48a6-9a8f-d97c91d23641,disobedience.online,premium,156.25,,64,3,12,name.com,,
fe94e5e9-404b-42e6-9671-d6bbb34a7dcc,smashdown.online,available,2.99,,58,2,10,name.com,,
ff767a7c-2bc4-443f-87cd-d188b8a47aeb,stormed.online,available,2.99,,50,3,7,name.com,,
ff832c66-90fe-4463-b9ca-7e309961c42e,OpiumWar.online,available,34.98,,52,1,9,namecheap,,
69a9f8bd-4a4b-4164-aa4e-5e77c7ce2e79,revolvingdoor.online,premium,,,62,80,14,,,
45f784c1-d0a3-45a6-84cf-abb5d8a5bbdd,bawdry.online,premium,,,50,1,6,,,
41b8a925-ded2-4b41-9138-9e95900aed1d,jointreturn.online,premium,,,36,8,12,,,
0511f94a-9912-4dff-9918-3a0210b66b6b,skillfulness.online,premium,,,,72,12,,,
b9b0957d-cc46-4a4d-a55c-10f6d2cabae0,houseboy.online,premium,,,58,76,9,,,
3fdf81a3-1d60-4887-aafb-ebd7e0052d5a,maneuver.online,premium,,,74,76,8,,,
750aff7a-9ace-4866-9e80-d21b8f1e7755,jewelinthecrown.online,premium,,,66,72,18,,,
94969a16-2162-45bb-8af7-b4fb97aa9264,HolyTemple.online,premium,,,62,76,11,,,
108ae3d5-6d67-487b-aa27-996c178990a4,wired.online,premium,,,72,24,5,,,
c29ef6ac-bc59-47eb-80c4-e917cd5e6976,walkingboot.online,premium,,,60,72,12,,,
2e45f3ef-fa54-427b-8b7e-b793f604bd82,small.online,premium,,,76,31,5,,,
1cd30edc-cad4-4d94-9575-fd2e0cf7dda2,WestElgin.online,premium,,,,68,10,,,
caf95bd5-6adb-45d6-990b-1c97e6511221,mathematical.online,premium,,,50,80,12,,,
70ba41cc-70f7-475e-bdf1-55c9f2c2b5b0,Pablo.online,premium,,,56,100,5,,,
099eed40-adb1-4e50-b51d-80940b356ae2,syllabary.online,premium,,,54,72,9,,,
db6c3fff-1302-420c-9777-9c7bb7274efc,detergency.online,premium,,,52,72,10,,,
25b826a6-c48b-4226-b1a0-af2fafb06d8c,congou.online,premium,,,64,72,6,,,
c63e968f-df37-4bad-9218-2e82b8be1770,introduced.online,premium,,,68,4,10,,,
7e8125c2-c07d-4302-9dc4-b1c58ebe5d68,goldstargay.online,premium,,,64,72,13,,,
0955a34b-124d-4de8-91c6-f558608a1daa,hangaleft.online,premium,,,58,72,11,,,
aea323a6-0ffc-4686-b9ce-91f4876dad22,airlike.online,premium,,,68,4,7,,,
854e9da3-bf2c-44d6-bb16-4a4b553503b2,sprogs.online,premium,,,,16,6,,,
d630c45e-10fd-443d-91a2-ad332602a58d,miry.online,premium,,,60,80,4,,,
5b10f9aa-39ef-4e29-9268-abb362614cc7,threesome.online,premium,,,68,5,9,,,
6614c8fe-174f-4e40-a058-f37d10728c58,imperfectness.online,premium,,,52,8,13,,,
29828e1a-168e-49eb-be19-766a58a89dd8,lookingat.online,premium,,,64,3,10,,,
815c4a18-d826-49a4-b4d0-40f68b7d1100,corey.online,premium,,,58,96,5,,,
51fcca04-3a28-4752-a75c-b6fdb7c9afe8,abbey.online,premium,312.5,1250,56,80,5,name.com,,
2abc637e-1ee3-4861-a3b0-be52b626eb9b,CountriesinAsia.online,premium,,,52,1,17,,,
bb0c7e0f-8b0c-4289-9b78-fe14d54e5bc0,eighthgrader.online,premium,,,64,72,13,,,
ad8d2860-4e8e-4490-aabc-2f20206a7d97,schoolgirl.online,premium,,,74,68,10,,,
09683235-a6da-4a5e-8133-03670a092fa8,accurst.online,premium,,,40,1,7,,,
32928515-19f1-4c28-84b5-0318e7312c33,tubetop.online,premium,,,66,76,8,,,
7068ffd5-1678-4591-b12d-650150cc70c0,spreaderbar.online,premium,,,54,72,12,,,
407aac2e-11b0-4803-ba6b-b3097cfa1bb0,reforms.online,premium,,,,80,7,,,
61c6cf4a-d4a6-43bc-87cd-c5dcbbfb90b7,stemginger.online,premium,,,,76,11,,,
86575f50-9a06-4cfc-9c0e-4ec581008e49,carshop.online,premium,,,60,84,7,,,
6509bdae-f6cd-4ddb-888e-fdbc7e2d2245,constellation.online,premium,,,64,88,13,,,
6699211e-461e-4bdb-a34b-571fe24a43ee,cholesterol.online,premium,,,64,40,11,,,
bb36e074-c87c-4a14-92d4-1ebfaab3ce2e,foodstuff.online,premium,,,64,80,9,,,
024a860c-b002-4345-b822-d387d53b7c3f,frag.online,premium,,,78,96,4,,,
95a8f4e6-e79e-4a23-bfc3-6f719a41eb41,ornamentation.online,premium,,,,76,13,,,
ecb30f7d-8756-4231-aa8f-50229ffa602d,Hayley.online,premium,,,56,84,6,,,
834ff0b3-6a47-47f3-b2b9-2c405ca06d51,phoneticalphabet.online,premium,,,54,72,17,,,
cefa13b5-5f5c-4028-8abb-71b6400ead37,milltooth.online,premium,,,50,72,10,,,
fbddc6d7-8004-4b2c-9f85-0dfe291f8b58,greatnephews.online,premium,,,46,4,13,,,
2c852a3a-69c7-4be5-be42-b3f0be3e9eb5,Telesnap.online,premium,,,58,72,9,,,
e8778234-4ee3-4f8b-a4c9-a45824b39ab2,screwbean.online,premium,,,,12,10,,,
a0f82446-3a4d-46aa-ade3-03bbda09b67d,motherfukkah.online,premium,,,62,0,12,,,
7668e72f-18ea-49eb-8f88-2b5c105a6a9f,Kitchawonk.online,premium,,,48,72,10,,,
93c18dab-8bfe-4a52-8d5f-e3a7c4834648,coverartist.online,premium,,,54,72,12,,,
eb2c4006-72d1-4572-b969-7b7547e19f27,outgrew.online,premium,,,,72,7,,,
17d3c59d-1fa1-419f-a6a1-f68ac1163c5a,bunkoff.online,premium,,,60,72,8,,,
5a410820-b398-46b6-9cae-7655691074d9,aboutface.online,premium,,,74,88,10,,,
ddf971f2-0ba4-4575-b2b6-33b1c6181ee1,leaveon.online,premium,,,76,1,8,,,
4f79583c-aa7e-42a9-8efa-c9cfa87e56c2,modernised.online,premium,,,60,72,10,,,
02578e6e-cc49-483e-b0c5-f7d35d4dc5cd,kilocalorie.online,premium,,,54,72,11,,,
e5cc51d6-a4a3-4f24-a6d1-e8701c4b114f,greatmantheory.online,premium,,,52,72,16,,,
afca54a4-4744-49b8-a69e-0fa794049b8c,ionicbeam.online,premium,,,56,72,10,,,
b6b76e39-ff31-4442-98c2-694013c290a2,flights.online,premium,7812.5,31250,46,22,7,name.com,,
55de8bec-176f-4c56-86dd-689a5b404ffd,baseballfield.online,premium,,,62,76,14,,,
f7102592-8786-45d0-b65a-620a81742e74,realms.online,premium,,,,64,6,,,
80f9e5f0-aeb8-4e8a-a748-95ae59584e7d,Dutchbuttocked.online,premium,,,50,72,15,,,
46e610e8-87cb-45bc-826f-0112412ee143,admissibility.online,premium,,,54,72,13,,,
47ea41f7-3fb2-44e0-84a6-dcb5be93a60e,stamina.online,premium,,,74,76,7,,,
21dc165f-7089-48f7-a3fb-6ce941985989,egghunt.online,premium,,,62,80,8,,,
7d556b46-2723-4f32-8fd4-a5b209a521df,NFL.online,premium,,,84,88,3,,,
22b7457c-6182-464c-a128-d2955abde680,Fisherinformation.online,premium,,,54,72,18,,,
61109dd2-333f-4779-83b3-b0a8c5e435c7,sandshoe.online,premium,,,,72,9,,,
4a1b7928-cac8-4586-a3a1-eadbf4ed7de0,linklanguage.online,premium,,,54,72,13,,,
68db0120-9264-45d2-94d8-9d1bf04037ec,courteousness.online,premium,,,60,8,13,,,
66315a52-475f-491b-90a7-f35d211dabe7,actpossum.online,premium,,,66,72,10,,,
87ff36ce-70a9-4c14-8566-e85cead23620,croquet.online,premium,,,84,88,7,,,
291d4df5-54f8-413a-bd3c-eb508dceb09d,chatsite.online,premium,,,54,88,9,,,
307aa6cb-fec2-46ec-9396-18641390e457,sightsing.online,premium,,,54,76,9,,,
fc792a6b-b09a-4d4c-b3da-ea0487041950,thankable.online,premium,,,,76,9,,,
2bd3ad21-8707-4e60-86bb-b87036f6527f,spindle.online,premium,,,58,96,7,,,
84d1a747-bcf2-4681-a3bc-bfd14cc3f064,pectoral.online,premium,,,68,72,8,,,
cace4401-91c2-4ccc-a062-0695fac7144f,instrumentalise.online,premium,,,58,72,15,,,
168c49ee-1ba0-4324-a2f2-294e9dcec43a,Icelandicyogurt.online,premium,,,64,12,16,,,
a1832d86-494f-4ccb-90ab-09a989382b2b,sundown.online,premium,,,92,88,7,,,
6c5923fe-f2d2-4b24-a138-76a6174e318d,dodger.online,premium,,,62,80,6,,,
400f9945-d1d3-4a8d-b906-bdb795819c37,whatsoever.online,premium,,,60,4,10,,,
56c3bc7d-9e3b-43a5-a9f7-36838153f431,castashadow.online,premium,,,60,72,13,,,
c23460a5-9936-4a5e-aeeb-8d2bb77aa4e5,doublevaccinated.online,premium,,,54,72,17,,,
e771eb16-5295-41a9-aa7e-9979805b6dc8,carryout.online,premium,,,72,4,9,,,
3316648c-d56f-43ef-a3ea-9bbd9559cf97,oflate.online,premium,,,62,1,7,,,
8114ac07-2c2b-499e-b705-cbfe7e1e9c98,Sharon.online,premium,,,74,80,6,,,
19820c52-99cd-4cbf-b392-7986ee1d27c3,godchildren.online,premium,,,44,12,11,,,
4ae0f969-4daf-41d1-8253-d8bd6e6d8594,hotchips.online,premium,,,58,72,9,,,
6ad6502f-089e-4f2c-9329-12ad6320861d,pitbull.online,premium,,,58,88,8,,,
5beed32e-479c-4a1d-a66b-66861b4e2057,shaking.online,premium,,,66,5,7,,,
a40a2a14-74ae-4d95-ba20-414d6b2bc129,cabinetminister.online,premium,,,54,72,16,,,
9a5ddce3-2704-4ff6-9e6b-57a56e4bcdb9,CDRW.online,premium,,,62,72,5,,,
819a11c3-8b6f-4c3f-bba5-33a1e4562c09,seavegetable.online,premium,,,,72,13,,,
509505a6-c733-4e18-8aad-57cad3c585b2,deltoid.online,premium,,,72,80,7,,,
d57c2f6e-9ab0-4ac3-b23c-f380bb13f586,Australianstudies.online,premium,,,62,76,18,,,
96e685cd-827b-48bb-bec8-1fe297df59f9,airlinehostess.online,premium,,,58,72,15,,,
9d5d54de-a705-403c-b311-14f91f84589d,commonsnowgoose.online,premium,,,44,72,17,,,
7b549b22-b660-4849-9528-babfafd0d1e3,attestationclause.online,premium,,,46,72,18,,,
b00a1ae4-df4d-448e-bcfa-a307862db2fa,dextrality.online,premium,,,52,72,10,,,
39ba692f-033f-46fc-bff8-5e463bf8305b,capable.online,resell,,,80,16,7,"GoDaddy.com, LLC",12/01/2026 00:07,12/01/2027 23:59
e6ed0cc2-b46e-4e61-99b1-fefdd101d315,Phuket.online,premium,,,56,80,6,,,
89fe4282-747d-4848-94d6-c42bcd052e39,gymcandy.online,premium,,,68,72,9,,,
8c83f2de-8fb5-43db-8349-70de7bfc9c0a,Chinesedumpling.online,premium,,,60,72,16,,,
5063375a-441c-4f53-81e1-c25ad51e505d,MooreHaven.online,premium,,,,12,11,,,
1bab7e2b-344c-4472-8763-13651eadf4f2,littlegreenmen.online,premium,,,36,20,16,,,
1f66f093-c8ab-42ce-bb88-7d66a5058e6c,MOTSS.online,premium,,,54,16,5,,,
9dccd914-51a3-4a1c-b176-d62b25cfc331,Highlandgames.online,premium,,,56,80,14,,,
e325c0b2-95b9-4ff9-9857-089e899a7ea4,literalist.online,premium,,,56,72,10,,,
115f27f4-1662-465a-ab49-fbb99f24a1e5,trimmed.online,premium,,,66,76,7,,,
8c20de9b-169f-4285-962e-7d97954160b4,feelthepinch.online,premium,,,,72,14,,,
d7b94040-2dee-4782-817e-05f4e712394c,mouth.online,premium,,,96,13,5,,,
007dc58a-db46-4ed1-9886-ae1311d05339,jumpqueue.online,premium,,,58,72,10,,,
507e2676-571f-42fd-817f-d4c798df418c,equestrianvaulting.online,premium,,,58,16,19,,,
c1b6e9d9-fdeb-4979-8d7a-f4d06498e3f5,sweetball.online,premium,,,63,72,10,,,
7b80dd16-e6b1-48df-a9aa-d984ab4094e5,abigails.online,premium,,,46,24,8,,,
cbcacd2f-d9dc-4995-b747-11bde910d0a1,caughtstealing.online,premium,,,58,72,15,,,
4f76a84f-f559-4335-af98-eb4a75b7b9f8,Hebrewcharacter.online,premium,,,54,72,16,,,
0b9ae320-d0f7-41e7-975e-30ea0328a92e,charitably.online,premium,,,57,72,10,,,
dbdb2747-d59f-472c-9f8e-005c08322268,Comptche.online,premium,,,46,72,8,,,
9f23f632-3af1-46c2-b7cd-1e9161f9b7d3,bulbospinal.online,premium,,,48,4,11,,,
c8060953-f340-4758-8400-12a7d9f334f6,bookknowledge.online,premium,,,66,72,14,,,
61abfa21-9c3e-4471-a10d-ff9f391596a5,MMR.online,premium,,,80,13,3,,,
f37c7a2d-aa6f-446d-96fa-5470d93b5dac,firstloser.online,premium,,,54,76,11,,,
92993dac-1a55-4c2e-b125-a117d54ef585,Maliyah.online,premium,,,56,68,7,,,
ce6cdd05-90d0-455d-86f8-8ecf421087b3,mil.online,premium,,,54,88,3,,,
9cacebb9-ea30-4a77-a364-abc2c5a118f5,handpowered.online,premium,,,38,8,12,,,
66a4854d-a5a3-4cf9-a38f-5602b4c7b481,rascality.online,premium,,,52,72,9,,,
3e4de4a6-a298-40ce-b125-bcfc9b7cd15b,fivespicepowder.online,premium,,,70,72,17,,,
f8475b98-3b97-4819-b547-4a5b43f7183b,palatially.online,premium,,,,8,10,,,
c96ee914-818b-46c2-b307-6908e4599804,proper.online,premium,,,71,35,6,,,
23a37a2c-5f8e-46b4-8210-23ebe78ef38a,understood.online,premium,,,86,7,10,,,
ea9194af-79a0-4707-8747-77eea94a2ea5,wonder.online,premium,,,86,45,6,,,
b6040dd8-c74d-43d7-9478-f1a0ca2f91c1,foodpantry.online,premium,,,66,76,11,,,
2d4b93e9-9126-4ddb-a6e6-17194259bfca,havenoidea.online,premium,,,70,1,12,,,
9c7e652b-eb58-4ec4-890c-ebeb6d5268c2,NewWaterford.online,premium,,,,72,13,,,
7d4b165b-2259-49cd-9065-132d0f93a792,icesheet.online,premium,,,34,72,9,,,
5adb5c41-13b7-4ea6-8399-e1a059e9e726,sympathizers.online,premium,,,,8,12,,,
9aa0bfab-904d-4d30-b5b6-439a60701697,bythescore.online,premium,,,38,72,12,,,
8e7f1ef3-0b93-4900-9e27-5c67e17e797f,TelAvivJaffa.online,premium,,,,72,14,,,
4df443ba-7a04-4ddc-959f-b268b8cbd2ce,kennelclub.online,premium,,,54,72,11,,,
6fce536a-2f5e-4f87-bca8-945098c64f06,shoveit.online,premium,,,56,80,8,,,
ffe37835-8ba9-4a9e-a181-1cb9566dc9b1,fallfor.online,premium,,,68,1,8,,,
9983ab31-8475-4ea0-81c8-7cf6db6a7659,agreatdeal.online,premium,,,54,72,12,,,
f4e0ceef-8aa1-436f-894f-81cf073bdc6c,fix.online,premium,,,66,32,3,,,
77363c6a-a3e6-444c-b360-7c529bc60fbf,saddlesoap.online,premium,,,,8,11,,,
1af77d8e-13db-4fe5-bb32-f4f91aa7217b,fencesitter.online,premium,,,54,72,12,,,
4b8ab326-43c6-45a9-9844-f882237547cc,vesicle.online,premium,,,62,76,7,,,
043b70dc-10b0-446b-a8f3-1a971b349bf1,blackmangrove.online,premium,,,58,72,14,,,
36204a64-7e07-43f2-adff-ca6866e190e3,cavalierly.online,premium,,,45,72,10,,,
59e595bc-7ac3-4ccb-a0a0-7497afd98c2e,brakeshoes.online,premium,,,34,12,11,,,
d54c24b0-4470-4610-bef9-ff951876fb86,attitudinise.online,premium,,,54,72,12,,,
0577f75c-37e1-4141-a03a-b0f67eb89672,beautifulmusic.online,premium,,,66,76,15,,,
038fd686-d082-48ee-bae7-32c75c1b884d,aromaticginger.online,premium,,,66,4,15,,,
751beef5-f10d-4b71-b4cb-2f876c6e3c86,gazing.online,premium,,,68,80,6,,,
75e192db-c8e0-4dcb-bbc9-0f245192ad88,tracershell.online,premium,,,,72,12,,,
3a40bb23-ef6b-4b15-9687-1adbb67630bc,paludous.online,premium,,,50,72,8,,,
edac6f86-da61-4045-a91a-bb927ed8a00a,takearisk.online,premium,,,,76,11,,,
7c0135ce-72d6-45eb-bd8d-15c8d69de046,humanise.online,premium,,,73,84,8,,,
d32fd500-4a07-40f3-85e7-c590dcf2e52e,talkingpoint.online,premium,,,68,3,13,,,
3053617d-15d1-497c-b30d-c318d6713489,indestructibly.online,premium,,,58,72,14,,,
d84824d4-de91-4a14-acd5-62b83bd0f1f6,yellowfintuna.online,premium,,,,16,14,,,
64b2aae1-921f-4aef-b7d9-6c1c3cc41a32,lactic.online,premium,,,54,80,6,,,
4dbbda14-6d83-40c4-a44b-3f3b5e4dc295,informationization.online,premium,,,60,72,18,,,
f43d3b8b-0064-4bd9-9907-4492cd729c43,Luxembourger.online,premium,,,60,72,12,,,
6f308a0c-f241-421b-89ef-8e33b57ca372,handhold.online,premium,,,62,88,9,,,
f7aaee2d-903e-4594-b3af-46d304499538,radiance.online,premium,,,70,88,8,,,
6fd85315-639e-47bc-84f3-693d8e045387,alterglobalization.online,premium,,,54,72,19,,,
876c71d1-f5f5-4450-8350-0a77f2c66dd3,filleted.online,premium,,,50,72,8,,,
c5477faf-1f0e-4c95-b01d-28e80064c6ee,lens.online,premium,,,62,69,4,,,
ad59f7af-c6d7-4dd0-8a27-214b99e67ab9,turnips.online,premium,,,,32,7,,,
035081f6-814e-4bec-a826-dece536f18b5,montanan.online,premium,,,72,72,8,,,
370323f7-5e22-4555-9c1e-d377d1cb9f50,dolose.online,premium,,,58,8,6,,,
38bfce63-ad4d-4a52-b388-f21ca27b6450,Ismailova.online,premium,,,34,8,9,,,
948f8357-7881-4a2b-b4f9-fc63fd43cd2f,epitaxiallayer.online,premium,,,52,72,15,,,
ba1b1eb6-462b-4c5c-9aba-5771e2ca5a5a,secondnormalform.online,premium,,,62,72,18,,,
77f4d173-bbac-4be2-b480-380749898cfa,grahame.online,premium,,,52,76,7,,,
3e8f3a66-1e9a-4c9f-a832-1e60fa558535,twelvemonth.online,premium,,,58,72,11,,,
05e4df67-988a-4743-a868-ca9f85765da0,LEDanalyser.online,premium,,,60,72,12,,,
36e84ba5-b163-425b-b514-81ef725f8442,pumpingstation.online,premium,,,64,72,15,,,
14c72e4b-5ea5-41c3-b1ff-a56226da620b,abidingness.online,premium,,,64,72,11,,,
75070dd1-9fec-4529-9578-5ba60af47ea0,postimpressionist.online,premium,,,74,72,17,,,
ed417e1d-40d1-491a-a204-c07c565a1ded,hymnbook.online,premium,,,62,72,9,,,
c053fbf8-aa19-46c4-8a54-1f9bf4e00cf4,makeheavyweather.online,premium,,,58,72,18,,,
88e792d0-87a2-4edd-bae5-62e4bbf910fc,tarts.online,premium,,,,20,5,,,
e56e4979-fef2-44b5-8304-bbf5292f9ead,canted.online,premium,,,49,2,6,,,
880c38e3-c08c-4e61-bf78-c2b5b84ff9d0,feellike.online,premium,,,,3,9,,,
17cb0c16-d716-4400-9d54-8b30a2fd2eb4,traversing.online,premium,,,56,72,10,,,
85b14bb6-6d44-443a-b5bd-5d7a7ee0974f,semblance.online,premium,,,58,80,9,,,
0368209c-4a1a-4911-8ae4-0b89f5b0db27,badgeofhonour.online,premium,,,72,20,15,,,
8ffead74-04d4-46c1-bc48-e3c0396251f0,inarguably.online,premium,,,42,8,10,,,
3b2e4a59-01d5-4a23-809d-73efa9e46189,ZIPCodes.online,premium,,,,24,9,,,
771067ca-2792-4bc3-97fe-5dd731e52aad,promotable.online,premium,,,58,80,10,,,
3d6b1ac1-1a41-4ec2-9ce0-7fadb726428f,dove.online,premium,,,64,92,4,,,
3ed3bf87-7aa0-4ed1-bdd5-62a97fbf885e,smartenup.online,premium,,,62,76,10,,,
713015b1-938e-4841-829f-8dfb4af2db4c,crane.online,premium,,,62,88,5,,,
6cc8362b-9fc5-415e-827b-a5a0fb109d7c,whose.online,premium,,,76,12,5,,,
473ad18b-52d8-41ad-b82a-d9bf84fff9ae,homelot.online,premium,,,60,72,8,,,
b8cc98f5-2da4-4eca-b223-473132a4bdb6,skewedly.online,premium,,,44,72,8,,,
4fa6f5d9-5280-42f2-94b8-fbe9e30655f1,candidly.online,premium,,,59,80,8,,,
0d4078a2-3b6e-4b62-9ff2-32e8fedb76cb,taketowife.online,premium,,,,1,12,,,
dc67781e-c8c3-46cf-850c-90699661b79b,Stansstad.online,premium,,,48,72,9,,,
beaa78a8-ae0b-44b0-802c-740554e659ce,datingcoach.online,resell,,,62,76,12,"CHENGDU WEST DIMENSION DIGITAL TECHNOLOGY CO., LTD.",05/11/2024 12:15,05/11/2025 23:59
b8dfb042-9ffe-46a2-9a3c-20d2925b5e20,southernscreamer.online,premium,,,58,72,17,,,
d0c0f0d5-1d60-4bec-820c-5ae1e82af523,parkingattendant.online,premium,,,66,1,17,,,
a28e3d5a-f6a2-4c66-b2a0-a7efd570383f,conjugateacid.online,premium,,,52,72,14,,,
6ec10e11-d634-411d-8b14-9f0f345f4021,burger.online,premium,,,84,28,6,,,
c19c9000-9c38-4b6d-a349-4a9690da512a,Japanophile.online,premium,,,62,76,11,,,
7f1e4111-6b96-433a-ad6e-fa7cd2398603,threehundred.online,premium,,,,76,13,,,
0b585043-43f4-4931-97bd-3424cdd0bcdc,rapping.online,premium,,,78,76,7,,,
5630d3f6-d0ca-4fa7-908e-d5b8365da43a,azonic.online,premium,,,56,4,6,,,
6c80e8bd-d9bc-4a0a-8298-c8c09fcd67e5,carcoat.online,premium,,,76,1,8,,,
7ec81b8e-d77a-4a6f-93d5-bb12bd353471,latest.online,premium,1562.5,6250,66,19,6,name.com,,
d4f997d0-ad4a-4660-9dd1-b0b1841f40bf,frozenyogurt.online,premium,,,68,72,13,,,
5f15fe7e-62eb-4579-adf3-dfd3e1f53aee,analyticcapacity.online,premium,,,40,4,17,,,
cd150cab-a332-4815-89d0-4ebbb62e7dd0,cocky.online,premium,,,94,88,5,,,
75da12a6-4b24-4d4b-990c-67cd456ec594,pinkred.online,premium,,,60,72,8,,,
4483b117-9bce-41b8-9be8-97d327a6bc4e,chinashell.online,premium,,,40,12,11,,,
80650cfa-af77-4341-8de3-4580faa71809,stack.online,premium,,,60,92,5,,,
262113e2-c705-419d-a176-3184cedc4e51,ballasttank.online,premium,,,56,72,12,,,
b2157106-480d-4017-ae12-136c7756a28f,basementful.online,premium,,,50,4,11,,,
433fdd60-3b01-49ed-9e2e-b93263859141,dandelionseed.online,premium,,,68,72,14,,,
9be814b1-369d-441b-8a27-1f732901c42c,noontide.online,premium,,,56,80,8,,,
fce1c14c-647e-4eea-8f19-f1db526b6b7c,makedown.online,premium,,,64,80,9,,,
6b1daebb-17d2-42c7-9814-6f27afe7fb6b,bareheaded.online,premium,,,54,1,10,,,
ab77f538-59b4-4bae-8200-7a473cddf028,monotheism.online,premium,,,60,72,10,,,
99ecbe05-c6cd-4e87-891d-681687168868,milkrun.online,premium,,,56,76,8,,,
3fb0792c-e141-42a9-afea-6b2177ee5da4,goddesshood.online,premium,,,64,76,11,,,
b860beef-8ce1-497d-a954-a7bd30f0970b,boozing.online,premium,,,56,72,7,,,
9573ffdd-2d58-4846-a74f-414e5e3451cc,clapon.online,premium,,,64,72,7,,,
8a3b514c-e6f5-404c-8e7f-c52aa6cf0696,jumpbail.online,premium,,,54,72,9,,,
e4b41b9b-e192-4e0b-81ba-4730b28b6ec5,truant.online,premium,,,98,6,6,,,
8547cd3e-c21f-4b04-a90d-dab1cd0d9b0b,digitalslowmotion.online,premium,,,62,72,19,,,
64e04746-0ba2-4c0b-a5d7-c8f01cb0e4f6,waterrate.online,premium,,,52,72,10,,,
5490d0de-d130-48a9-b33a-67465b48f61e,whitetin.online,premium,,,,72,9,,,
eb47f008-7282-4342-be66-962dbb63b516,NewWhiteland.online,premium,,,,72,13,,,
11ce0934-66b8-4210-b6ec-e01a73c5d718,firststringers.online,premium,,,32,8,14,,,
711e4b19-42e2-47f6-b911-5e8211c18997,beright.online,premium,,,,80,8,,,
0f2ba235-be19-4ac6-966c-c890c53ccc7a,FarmingtonHills.online,premium,,,56,12,16,,,
0aec0de1-be85-4f13-a940-42910a05e18e,HolyJoe.online,premium,,,42,20,8,,,
f5b97c2f-afa5-4eae-b49e-55a2d6b3853c,stripshow.online,resell,,,52,76,10,"CHENGDU WEST DIMENSION DIGITAL TECHNOLOGY CO., LTD.",27/08/2015 17:36,27/08/2025 23:59
60df0a00-84d9-42b8-a38d-3736b2710830,potters.online,premium,,,,56,7,,,
7ba4dc88-ae63-4d3f-a883-a86d3b8bf597,redefinition.online,premium,,,,32,12,,,
4712609d-86bd-4a97-8c6d-7d27006554dc,nonbarbiturate.online,premium,,,52,72,14,,,
4aba763f-a7cc-46ea-82b6-fcfcd615ac39,ginsberg.online,premium,,,52,84,8,,,
311e4448-40c1-4d31-875f-0ed80405dc7c,greenjobfish.online,premium,,,56,72,13,,,
3f119ba9-6a38-4495-a1c5-73b3026c8f9f,naming.online,premium,,,92,13,6,,,
bb0f680f-2a21-4426-8304-e01428b095ec,effusively.online,premium,,,50,72,10,,,
96767ce9-6114-442e-8514-43b8dd1beec7,comprehensively.online,premium,,,48,72,15,,,
093adfa6-a224-4196-a21b-7538ae351834,cloud.online,resell,718750,46.99,70,59,5,Namify Domains Inc,02/04/2019 13:58,02/04/2029 23:59
bee97ec5-da08-41d2-a451-f23594d2b7f8,par.online,premium,,,90,88,3,,,
2b9efe93-f034-4c91-a7a6-6d5714e9ce27,splashproof.online,premium,,,42,72,11,,,
5c261244-1b02-4cfd-9cbb-cf07bf57e52f,walking.online,premium,,,96,19,7,,,
d478f266-87d5-45f5-9ba1-5984e9cc9977,employs.online,premium,,,38,16,7,,,
bef166d7-78d2-4254-80d6-4a74271c91fe,safetyrazor.online,premium,,,54,76,12,,,
b53d47b2-3bf4-43f9-9543-8a1cb85cb074,Wikipedian.online,premium,,,70,72,10,,,
a3e8f3f9-24dc-48c0-adfe-a92baee7e124,personals.online,premium,,,,32,9,,,
1a118663-c097-4528-abb5-276ca9279c07,stockphoto.online,premium,,,58,80,11,,,
846a81be-ab51-48f6-ac1c-9e17b75c2287,pressuregradient.online,premium,,,56,72,17,,,
68829764-dda4-4159-967c-0498f005e5c4,publicity.online,premium,,,70,11,9,,,
499c73a0-4108-4e9c-ad58-2ebb9672efb1,armybase.online,premium,,,64,76,9,,,
7a5aa353-8dbd-4e31-bb30-cd8bccee6689,finals.online,premium,,,80,7,6,,,
bf3fe458-6487-403e-a254-c8355488d1ad,mathias.online,premium,,,52,88,7,,,
42ebdc60-0eb6-4369-87e9-4367b7d513d9,boxtail.online,premium,,,38,76,8,,,
3e37389e-b978-4389-9813-6f2b9281af26,boldly.online,resell,,,63,88,6,Namecheap,30/10/2024 14:20,30/10/2025 23:59
6558e364-fa50-46d7-9248-a11f0187cd26,spacemission.online,premium,,,58,80,13,,,
23864de2-2758-434d-8cf8-4c76edfffb46,tunisian.online,premium,,,70,68,8,,,
74b0bac7-47dc-4aae-b393-9d5629f2b00f,boxannealing.online,premium,,,38,72,13,,,
4a333fc1-a715-44b6-8ed2-a3585f9716da,fatchance.online,premium,,,56,72,10,,,
4b5ee066-d79a-4ecf-9161-fdab39838927,renalangle.online,premium,,,54,72,11,,,
dda9ad65-e622-450f-a059-0f18e650de67,pokeadot.online,premium,,,,12,10,,,
a1d4ea9e-ab48-4fdb-8642-168a3bff692b,spaceshuttle.online,premium,,,70,4,13,,,
f7677c34-1d7c-4038-ac1c-be38a4c52905,Wexford.online,premium,,,54,80,7,,,
7b95dda8-8896-431c-895f-ccc7d8814af8,FrenchIndia.online,premium,,,48,72,12,,,
317ddc57-c379-408e-abfe-3ef767e85e4e,lying.online,premium,,,78,7,5,,,
4148c342-200e-42aa-b2de-7def5b874320,likeforlikesales.online,premium,,,42,4,19,,,
cefb52cc-00f0-4090-8dcc-a6d4d5ca8baf,selfknowledge.online,premium,,,,72,14,,,
b362fd0c-9550-4f44-81b8-7bd9c33dfe04,doyoumind.online,premium,,,46,10,11,,,
04b32678-345b-45f7-b8b1-6a6aa8450f1a,output.online,premium,,,90,92,6,,,
d255f6f2-b753-40a9-b055-63f547e5223e,golfwidow.online,premium,,,52,76,10,,,
8efb0eaa-9d2e-44f1-b715-4fa893b6e89f,timingiseverything.online,premium,,,64,76,20,,,
cf8ec973-695a-476f-a835-1a8fc7f9bbe7,midchromosome.online,premium,,,52,72,13,,,
450ed02b-cced-4281-8087-c41337f74f54,letfly.online,premium,,,60,80,7,,,
ea82dcfa-b1d6-4460-a755-e0b83dc04c35,Hotlanta.online,premium,,,54,72,8,,,
d57a1f91-ce53-4efe-aabf-ea3deb5082da,scratchboard.online,premium,,,,76,12,,,
dc3e9d3a-2f9f-4070-8b90-33f862cfcde2,raciness.online,premium,,,54,72,8,,,
cac2d78d-8cc8-4912-bd53-f014ac61d88c,loadvoltage.online,premium,,,54,72,12,,,
9d082b88-9892-4fef-812c-5b7a9180cac2,punctilious.online,premium,,,50,88,11,,,
cda3ab15-dbe7-48eb-a3d3-ef72d0082df9,curlingiron.online,premium,,,58,72,12,,,
e00ba82d-e003-43c2-95f8-1e8cd0d9a878,hemline.online,premium,,,64,72,7,,,
c61b91bb-4080-4cf1-ba1b-d2bd3355d278,knowingly.online,premium,,,58,80,9,,,
620c5566-0734-42ab-a0e6-fd5e5f393f1d,handcooked.online,premium,,,56,72,11,,,
be678832-56c5-4e61-8f61-d44f7cdef70a,bbattery.online,premium,,,60,72,9,,,
e59bd901-d2f4-4eca-a3b0-b0cda4217179,spinachdip.online,premium,,,64,72,11,,,
fa0e1196-04ed-46c3-a38f-d85cd34bb280,attained.online,premium,,,58,2,8,,,
9839d45d-9b6b-46ad-b0ed-4b16209501cb,deflect.online,premium,,,68,76,7,,,
a1e3741d-617e-4778-842d-5625ead88e60,firstexittime.online,premium,,,54,72,15,,,
a6febfff-852d-4d3a-b539-82a6e2a262dd,nestbox.online,premium,,,,80,8,,,
24c8c312-7f98-4ea9-9ec3-651e69af8f4b,Ofqual.online,premium,,,54,72,6,,,
2ca4977f-97dc-468f-a9de-91c7771dad20,gowholehog.online,premium,,,66,1,12,,,
81620f21-a793-49f9-9bef-a7fb23ced9c7,battlegroundstate.online,premium,,,54,72,18,,,
3a97afe3-2a91-4cc3-8299-423e35f2d5a9,pozfriendly.online,premium,,,52,72,12,,,
b6c43f20-acd2-4542-bd50-ff295cba6b94,bigsociety.online,premium,,,62,68,11,,,
aacc1c0b-0bae-4b1d-8874-2951b66f3445,unexpired.online,premium,,,52,72,9,,,
bf77fb8d-f6d4-489e-8c67-1479b912acec,middies.online,premium,,,58,8,7,,,
35abff96-7bc4-4d55-bd7b-6c03088865bc,Rhianwen.online,premium,,,52,72,8,,,
9f0d4766-e691-4cc3-9017-64e359e8e281,Srank.online,premium,,,100,88,6,,,
e1c6d865-25fb-42f8-92eb-fe2e7f5441ca,farecard.online,premium,,,54,72,9,,,
b3f25de2-ef5e-42da-9796-775ffa9417d2,olympian.online,premium,,,78,80,8,,,
ac3cce9a-fbc6-44d6-8c28-fbf23ba2c118,kerfuffles.online,premium,,,38,20,10,,,
62c436c1-8dcd-4030-b8fe-c64fbbc1c882,branchofgovernment.online,premium,,,56,72,20,,,
8933b97b-0fb4-464a-a0fb-4309bb25cddd,droolover.online,premium,,,66,72,10,,,
88372081-b605-4f59-8fbd-f8d2cd3344e8,NewHampshire.online,premium,,,56,80,13,,,
c8bd1c2d-ba5b-4769-8c93-1433295a136f,DivineMind.online,premium,,,51,76,11,,,
e0e082c8-27f8-47c5-a56c-112a6180d3f0,Marjorie.online,premium,,,60,80,8,,,
1a228996-6912-4391-862d-24f76ec25e37,drawneven.online,premium,,,34,72,10,,,
39b1e8c9-fbb5-4cd6-aa35-3806b84992e7,elder.online,premium,,,58,96,5,,,
3d8815e7-6b5c-41c9-9f75-8b8659dcf5de,wreath.online,premium,,,88,76,6,,,
e494c25d-6493-4649-9025-4a90f6898ef4,KingdomofEswatini.online,premium,,,46,72,19,,,
8ca32497-c73a-42e6-b490-7876078a9380,softboard.online,premium,,,,72,9,,,
e09822b1-618f-43d7-935b-1a14c6dc5af3,judgmentday.online,premium,,,54,80,12,,,
73ab2127-eb79-427e-9ce5-4db473cfb75b,propellors.online,premium,,,,8,10,,,
f8a720a2-a0fe-4c1d-9690-c6d00a399e08,forayinto.online,premium,,,62,72,10,,,
47a41be5-f5ba-41f3-9a02-88d96d78b21c,divineness.online,premium,,,68,72,10,,,
420e87d0-0844-46b2-a284-830e50d6c8f2,teaser.online,premium,,,64,80,6,,,
a87a37c5-a507-4035-8977-3bda248141f2,summersausage.online,premium,,,,72,14,,,
601b4109-09d0-4194-b31e-3ba530134356,tinniest.online,premium,,,,8,8,,,
ff1ad66d-4a67-4c87-b3c6-7b1cfd300489,managedhealthcare.online,premium,,,62,8,19,,,
492ec022-8ab2-489b-ae21-bd3309beae93,infraredfilm.online,premium,,,36,4,13,,,
de5cd665-0956-4bc8-9bfe-6f11cee49a02,bookofthefilm.online,premium,,,60,72,16,,,
59e212eb-55d4-4256-884b-1fb7f8930b1f,hydrometry.online,premium,,,58,76,10,,,
1e831cd0-d321-4aed-b22a-9ec2b25859a0,setalight.online,premium,,,,72,10,,,
cbb479b3-bbd8-4b24-a379-987a6bf9998e,flowerbud.online,premium,,,60,72,10,,,
b99786bd-a2b2-449a-82d1-8a85b6798511,launchwindow.online,premium,,,60,80,13,,,
ae089e82-f510-4436-bc2f-707361a2096c,glorifying.online,premium,,,46,16,10,,,
b7c0c352-bbd4-4c6f-a55b-cf03d7ae5a9b,skiers.online,premium,,,,36,6,,,
29323d87-f47d-40d5-b621-55ce755d64d5,LDP.online,premium,,,72,88,3,,,
4673bbeb-4c54-4830-88a7-f2c3b6c99eb6,dramatic.online,premium,78.12,312.5,68,8,8,name.com,,
fad34de4-0eda-49b1-b76e-5c2cf00efe81,selfloader.online,premium,,,52,72,11,,,
63cf3cec-8645-478e-af3e-432543bc5a77,Hermione.online,premium,,,48,84,8,,,
fabcba88-2360-4a48-841e-6b3d3b00e615,keenly.online,premium,,,64,84,6,,,
fc25db09-ad26-445b-a98a-67cb5d0d00cd,uplandantshrike.online,premium,,,60,72,16,,,
354a61e1-0802-4c72-a9a5-82c08a52d44f,ironliquor.online,premium,,,54,72,11,,,
321b1385-36b7-476c-83fe-4e647fcd9a36,hindustan.online,premium,,,48,72,9,,,
aff44385-349c-4908-afa6-a8e60722e5b2,platemaking.online,premium,,,,72,11,,,
e343ee82-7add-441b-9c05-206c5851a691,moldova.online,premium,,,56,76,7,,,
0c189cb9-4c6c-4ae2-b742-29ae5bc68e20,seeeyetoeye.online,premium,,,,72,14,,,
060e6499-0a2e-4850-a600-f17e1a3dbf2b,oddfish.online,premium,,,,4,8,,,
9f0259be-e8ee-4219-b464-e1ea877ae2c4,Frenchparfait.online,premium,,,58,72,14,,,
14e9d43c-ca91-49f6-bb61-6969405c9a38,necromanceress.online,premium,,,54,72,14,,,
b8a64f76-71a8-4c41-aebd-1f88dcd41af1,bacteroid.online,premium,,,60,1,9,,,
5caefb89-f27a-4f0a-a4e7-da2c943bc1f5,ultrarace.online,premium,,,60,72,9,,,
ecd29db0-f586-4291-b3fc-b4b6b4f9781b,bisulphite.online,premium,,,56,72,10,,,
c46e1a33-0ea9-44df-ba32-89b5a0392d49,solved.online,premium,,,70,84,6,,,
68fd655f-1ff8-4c39-968c-5c39a553517f,torchlights.online,premium,,,,12,11,,,
7a8a106c-f54e-472b-a64f-347be380ee21,silversole.online,premium,,,,72,11,,,
d12eefdc-39f5-4199-8226-4c64925a2169,tallowwood.online,premium,,,,72,11,,,
1ff004eb-e2e9-45d9-a883-5ec48cb4026d,powersources.online,premium,,,,12,13,,,
ccae2298-3442-4ca5-8ea6-a91c2697ec44,waterskier.online,premium,,,60,68,11,,,
7fa04199-3c51-4a76-92f0-7a7c5a865444,GeorgeLucas.online,premium,,,70,72,12,,,
b3fea490-c72c-4748-b328-7d2dc40a3d84,cometoahalt.online,premium,,,66,0,14,,,
38b0b28e-416b-4f2f-ae2f-8bfe10e24a03,autotuned.online,premium,,,62,72,9,,,
f1934762-5140-40b5-9c41-b832f123019d,companion.online,premium,,,88,80,9,,,
e065794f-4d8a-4bad-a8c7-3dfb0b330422,guitar.online,premium,,,98,28,6,,,
8c0d4fb3-28eb-41d2-b333-cc30d927ac0f,sugarpear.online,premium,,,,72,10,,,
a294a9d3-47f6-49f1-b314-07ecf61d08f4,holdgood.online,premium,,,62,68,9,,,
cf0e1507-068b-4d3f-95ec-1e452a71242d,blackeyes.online,premium,,,44,24,10,,,
20294849-463c-4735-87f6-ad081c2f0d26,RestHaven.online,premium,,,,24,10,,,
b59a16e5-fddb-40bd-8798-a2aef6ae9312,carryback.online,premium,,,64,72,10,,,
ad83b86a-a89f-46e6-aa60-87e9e43041e0,eartrumpet.online,premium,,,56,72,11,,,
ac51868b-ab87-4302-80f4-7cbdebf8ab37,GreaterManchester.online,premium,,,42,76,18,,,
7f49d0c1-eab1-45ac-b583-66ad3a2fc508,Frauncis.online,premium,,,48,72,8,,,
03416610-5d9e-45b5-a936-b4db985b9f50,abdomen.online,premium,156.25,625,66,76,7,name.com,,
f2195fe9-267f-45b5-b6f2-24b537ed1b66,snoozebutton.online,premium,,,60,72,13,,,
946e1df2-8b13-4b95-ab68-f39be88dbf88,psychotropics.online,premium,,,,16,13,,,
a77d3ac4-7366-401c-8699-dff67397f1e0,ourkid.online,premium,,,,76,7,,,
a488247e-e240-46f0-a53b-46eb0ae35b32,oscitance.online,premium,,,54,72,9,,,
49ebd6ff-e083-4546-a872-1035b5c68a0c,targetdomain.online,premium,,,54,76,13,,,
fd9dd355-2531-48ea-bd10-0a4090e742d2,weathermaking.online,premium,,,,72,13,,,
5b0b282f-3162-43b0-bc5a-3d6293cdb298,esp.online,premium,,,64,84,3,,,
a46b37b4-f3c9-4980-b867-7eba470b724c,fishknife.online,premium,,,56,12,10,,,
1bc02ad9-775d-47db-aeac-ff40c8c2ca62,deepdown.online,premium,,,61,3,9,,,
4e405c1d-de5b-494d-8ac6-5ed5ec835333,ticks.online,premium,,,,40,5,,,
69e194eb-a217-4bd2-8552-89563a080063,discus.online,premium,,,72,88,6,,,
9bd7c5b7-2157-4168-9c0e-0ce73de10523,WesternSaharan.online,premium,,,70,72,15,,,
917d0881-41aa-48e2-85fa-6114a8102bcc,subjectivism.online,premium,,,,72,12,,,
83ad2068-e47e-4791-b4c4-adf92d0df214,biologicalmother.online,premium,,,56,72,17,,,
bb21d5ab-53df-49ac-9d84-f4c8e013786c,macro.online,resell,,,84,34,5,Squarespace Domains II LLC,26/08/2015 16:06,26/08/2028 23:59
05e37116-756b-4d78-8b2d-a9c14280fe07,heft.online,premium,,,84,80,4,,,
961b3bcb-8b06-4525-87b8-ab6935198144,leafcutting.online,premium,,,50,72,12,,,
6b5ad64b-05b3-4e5f-89ba-1ad6395eed69,experimentalist.online,premium,,,74,76,15,,,
f71eeeeb-e5d0-4a8a-867b-162ca2c57281,lxxviii.online,premium,,,58,1,7,,,
83093701-8f82-46f0-a65a-ae8e60da8259,illumining.online,premium,,,60,72,10,,,
bb5a5379-83ce-431a-9841-df8fcdcd5785,bringalong.online,premium,,,66,76,11,,,
97f9743f-f4f7-4b98-859f-c39a1e681092,vacuumflask.online,premium,,,58,72,12,,,
17987be0-54fc-4fe4-b830-7defce4a7dc2,drawaline.online,premium,,,56,72,11,,,
e606398d-2312-4430-8d4e-713236e8b5a4,bhutan.online,premium,,,56,80,6,,,
5df61c55-cac0-4a69-bdfa-4d21ae995fa0,temperance.online,resell,,,52,84,10,"CHENGDU WEST DIMENSION DIGITAL TECHNOLOGY CO., LTD.",05/11/2024 15:58,05/11/2025 23:59
bf7af65f-fd6a-49e2-865a-f028fcb97493,Windsorknot.online,premium,,,66,72,12,,,
697b3b28-f7ad-4df2-8e86-a0d7939c1943,Lincolnshiresausage.online,premium,,,60,72,20,,,
1ccd85b4-5c31-4ce5-b855-f744f53c4d4a,indiana.online,premium,,,62,21,7,,,
9ffa7ea6-4008-4f60-8de2-62ea02ad3ab7,ecoliterate.online,premium,,,58,72,11,,,
e9dc937c-7fdd-4cab-b883-45291d5d10c1,makethefirstmove.online,premium,,,74,2,19,,,
264c902e-5ef3-4d8a-816b-3d77b69fecac,stuntman.online,premium,,,56,84,9,,,
e3f0812d-51d0-4a69-bf90-16303a71d095,chopup.online,premium,,,62,72,7,,,
db04d33a-9143-4527-affc-09f62f1a529c,porterhouse.online,premium,,,54,76,11,,,
f11d8203-e975-41a0-a034-d0f6c941e517,mooncarrot.online,premium,,,54,72,11,,,
0e2be5fb-bd15-49b3-a179-f8581a011c99,intherunning.online,premium,,,56,76,14,,,
2faf476a-659e-42b3-aaa2-db96fe70836b,plucked.online,premium,,,60,80,7,,,
da6b2a9d-bb63-456b-b6ff-69703661fa64,CIP.online,premium,,,56,88,3,,,
4d9e15dc-5549-43a6-a8e7-34f0d2c665c4,funct.online,premium,,,72,80,5,,,
31aed74e-2c05-48f4-a87d-c09a4473d0af,mentalmediumship.online,premium,,,52,72,17,,,
88fc783a-8460-49d1-a55d-b58db8a0f1d3,charitablepurpose.online,premium,,,42,12,18,,,
1d4d84f3-836c-445c-9683-84dde50fd189,likener.online,premium,,,40,4,7,,,
b4040186-4095-4f6f-b7fa-c483519ee1b7,rise.online,premium,,,62,42,4,,,
9018bcc7-470c-40eb-b4f3-207ec20e61f6,reembark.online,premium,,,58,72,8,,,
ece4c348-fc3f-4256-b6c8-acb6e480ac68,badgeofmerit.online,premium,,,64,16,14,,,
c9cbf6cf-76d5-4149-8e88-c6690967813a,maverick.online,premium,,,80,88,8,,,
db33c776-4d60-4c2a-b72e-df15563fa370,linkbait.online,premium,,,54,16,8,,,
6c055395-5ca3-442f-8b72-8680cb499cf8,translating.online,premium,,,,40,11,,,
8afb79bb-10c7-491a-bf69-d418781c4b26,IronRange.online,premium,,,46,84,10,,,
fa8d4cb0-1ddc-4cb7-ac42-d1c370adfdfb,expose.online,premium,,,78,16,6,,,
329811c9-6fb4-43fb-b516-649f715ab5ab,secondmost.online,premium,,,,76,11,,,
f1efbd01-e371-4b1e-ae35-523b3234c901,fan.online,premium,,,88,35,3,,,
31207cd2-86e3-4afb-aa92-d5263ebaef71,kleenex.online,premium,,,89,3,7,,,
28f0b87d-f50c-4c0a-8222-f38d1461eeaf,storesugar.online,premium,,,,72,11,,,
7ac8c6a5-8e8c-43c9-b5e8-e19908b149dd,donatrix.online,premium,,,56,8,8,,,
0fa84323-e465-4990-9672-6b1700593860,twoshot.online,premium,,,54,76,8,,,
8c0b5e50-957d-4115-b4b1-5a19bb5a1612,lifeprotip.online,premium,,,78,1,12,,,
de091810-442e-4b60-8f06-cf8a47bba494,landlordism.online,premium,,,54,8,11,,,
690f8d2d-aca3-4e9a-bbd7-f80dc401c4f0,puzzles.online,premium,,,,40,7,,,
400b0df4-4d54-47f6-ab2d-b43253cffb8a,bodymic.online,premium,,,70,72,8,,,
4a702075-b623-4e57-ab0d-b617ab98edff,stunningness.online,premium,,,,8,12,,,
0f54dd31-cac5-45e0-a390-6d74adde7141,cocoapalm.online,premium,,,60,72,10,,,
0fad2644-1835-4433-86f6-8fe8058e93f3,oilpan.online,premium,,,56,72,7,,,
27137e90-8b15-4c6b-ac2f-64005151fd6f,redink.online,premium,,,,84,7,,,
6f7eb5bc-8b1a-4826-ba87-85ca41933aa2,patienceisavirtue.online,premium,,,62,72,20,,,
732b4dc5-c791-4291-bc73-43553f458225,satchels.online,premium,,,,16,8,,,
7546caf0-3bed-4ef9-bdc3-b6f4741b3419,Frenchwaltz.online,premium,,,52,8,12,,,
a27656f0-ee2d-4f1e-8c0f-28d5645aadf8,enrobe.online,premium,,,62,80,6,,,
390dcaff-3981-47e8-9727-e0a18023b661,notarise.online,premium,,,64,84,8,,,
f91e7c9f-da21-48b7-861b-ba250954a91c,lettersofmarque.online,premium,,,46,72,17,,,
e84aa150-08e0-477b-9922-bac884415201,boilers.online,premium,,,35,52,7,,,
e58c9be1-4d1e-4699-b01d-ce9456f17485,annotated.online,premium,,,64,5,9,,,
5d2ff8ae-2667-49a6-9492-9fd25ba916b6,rubberlike.online,premium,,,52,72,10,,,
e63eeb49-2fd4-4460-8794-285bb92afe9f,uprightpiano.online,premium,,,62,76,13,,,
278d53e2-7c18-4395-ac0f-70ab2512db37,dinnerware.online,premium,,,67,72,10,,,
0ace7c63-b2b8-4334-807c-6d9ef5cda0f5,Dakotan.online,premium,,,84,76,7,,,
952c4749-8682-4360-87af-c1a88321302a,monism.online,premium,,,62,72,6,,,
285d6743-eaa3-4e50-a683-cf11389f58da,tutorships.online,premium,,,,8,10,,,
427a69fb-9c61-4dbe-9f9b-8555999f7dc5,manyandvarious.online,premium,,,50,2,16,,,
0d54f97b-6ce4-4c96-a373-ea19e1e8d658,Emberlynn.online,premium,,,46,76,9,,,
54a3e80a-2979-45d4-9720-97a59a5a50ee,goodGoddess.online,premium,,,64,72,12,,,
edd95677-7c20-4fc0-89a9-afa7625795ae,advised.online,premium,,,66,4,7,,,
91ca7c38-5243-4460-a489-69786f1fb6da,maltsugar.online,premium,,,68,72,10,,,
be97a00c-653e-4187-a11a-6eae46fae972,hubbard.online,premium,,,54,88,7,,,
48850299-4a5f-4197-a46f-91cb7a3a753a,TVland.online,premium,,,,44,7,,,
1817ecd0-61f1-4e6e-b96a-e7ab40a66cac,Bengaliscript.online,premium,,,54,72,14,,,
51e54960-361b-4778-accd-69a70aefbdc6,emphases.online,premium,,,34,16,8,,,
0c823440-3930-48fc-a7cd-6a5efc5b67c5,azo.online,premium,,,60,7,3,,,
bba3ffd2-53fc-4232-9da8-4cebe3133ab6,truthfulness.online,premium,,,,76,12,,,
f1205f55-75df-4a93-b745-fae222004a33,sevenseals.online,premium,,,,80,11,,,
bda68d7c-c46d-42a5-90a5-316e4f104551,counter.online,premium,,,76,24,7,,,
86b120de-d3d1-4daa-9031-7e8d6ad565b4,articulateness.online,premium,,,52,4,14,,,
7aa1ce96-4a00-4f42-8cc2-a84255290db5,scarletwomen.online,premium,,,,12,13,,,
43acf084-9285-431e-b7d3-f09d035e8f87,warrantofficer.online,premium,,,56,72,15,,,
5e132563-a742-4b08-8fb9-544d6cdd99dc,farnesoicacid.online,premium,,,56,72,14,,,
ef67a3e1-3ccc-4fdf-8ae0-325d31a1230b,landfolk.online,premium,,,54,20,8,,,
b66aea3f-9969-423a-9ada-79fd259a22ca,penaltycorner.online,premium,,,56,72,14,,,
2d1cceff-7ac7-4ee0-9254-69bd08f5a3a3,ironmongers.online,premium,,,36,16,11,,,
92af1bf9-0210-4d6a-a2b4-5bdca5fc7890,chiefofstate.online,premium,,,64,1,14,,,
f92ef668-26a5-4813-bfb5-187c8e88e106,pool.online,premium,,,66,39,4,,,
263cfa4c-d5b2-43f9-9acb-fb8044e90489,finessing.online,premium,,,56,72,9,,,
2ba46e58-f881-4c9b-b4f1-5762fe4fbe70,speakerlike.online,premium,,,60,68,11,,,
cda1b39d-1fa8-4d01-8580-0a0b991dbb57,trouserpocket.online,premium,,,54,72,14,,,
7f9df29b-6221-443f-b3e0-dfda096c2b38,quietrevolution.online,premium,,,58,84,16,,,
1490a1bf-4ee3-4300-8614-517c8eee53e7,pitchclass.online,premium,,,54,72,11,,,
968313e1-91f4-47de-a64b-c72b0ea49fce,repopulate.online,premium,,,58,72,10,,,
1687f4ea-0b08-4e5f-a0c7-a2fd5717967c,pullapart.online,premium,,,,84,10,,,
ebf3fe22-6650-44ec-aa94-982777c18e15,reemerging.online,premium,,,,8,10,,,
e7dd27e7-932d-4b48-b01f-bf61db5c736d,drilljigs.online,premium,,,36,8,10,,,
1ffb2dba-874e-453d-9de4-e724a49a8dcd,contrasted.online,premium,,,58,72,10,,,
85f2da31-7d53-4529-924d-6f8365dab970,windup.online,premium,,,82,80,6,,,
8186b7b7-6a4c-48d0-9528-896a82d7d5e2,Govilon.online,premium,,,48,72,7,,,
f3bcf533-113a-4a14-8f32-8493f108e79e,caliche.online,premium,,,60,76,7,,,
41f65e37-80c1-4863-b041-7545b8ca7ba8,vinousness.online,premium,,,,4,10,,,
7fa04e0c-bd92-4d6e-a2c8-ce424d18006d,estonian.online,premium,,,70,76,8,,,
59d31ba0-115a-498b-9f79-e078cc058c7f,tightenup.online,premium,,,,1,10,,,
5ed67f0d-e557-41dc-92b3-2188099cf06c,oakleaf.online,resell,,,,48,7,"CHENGDU WEST DIMENSION DIGITAL TECHNOLOGY CO., LTD.",05/11/2024 12:37,05/11/2025 23:59
1f36cdaf-d5a7-49ba-b55e-8171bb977338,torrential.online,premium,,,50,68,10,,,
498f54f2-733b-4749-b4d2-f207ceae7225,softmode.online,premium,,,,72,9,,,
fb177a98-db16-4c86-90c0-dbda37a546e8,freshyeast.online,premium,,,64,72,11,,,
0d2f2e4d-6182-4fef-b82c-76e20705a7a8,boxpleating.online,premium,,,38,72,12,,,
2329c4bb-0aef-461b-b0c3-eb9992b88f4f,partakes.online,premium,,,,8,8,,,
82bde675-17f0-42b5-aa83-361ac43ba996,retractions.online,premium,,,,20,11,,,
aac9b08c-5492-46ed-ad33-c4ba35c3709e,alterations.online,premium,,,36,20,11,,,
e84f94cc-67f0-426a-b884-368db6dbbd7d,intuitively.online,premium,,,50,84,11,,,
39c5791b-cf22-4eef-9ca7-81c64c6281e1,Arrowverse.online,premium,,,54,72,10,,,
74af6897-2796-4778-8505-b3d12a7b6711,astronaut.online,premium,,,70,84,9,,,
b203c94b-ad98-4edc-b096-7ed6d64e324a,AdaCounty.online,premium,,,46,16,10,,,
3fa99dec-0000-4ad5-9469-702da8768860,balladry.online,premium,,,54,12,8,,,
a54c0758-3650-48fc-9a95-581fb5760104,fireax.online,premium,,,60,72,7,,,
381154da-dd1a-4189-804f-46f077a6a0f6,pluto.online,premium,,,60,100,5,,,
266d66ce-ce0a-4b12-9cd6-8578566ced39,seniorly.online,premium,,,60,76,8,,,
6f4f7f75-7a65-4ffd-ace5-89c318c8192d,pubcheese.online,premium,,,,72,10,,,
7fe85f28-9133-4016-ac2f-93347fc9b73c,electronicgame.online,premium,,,70,72,15,,,
619b8655-e182-42b1-b6e5-e59a0f6f58a8,dogs.online,premium,,,78,28,4,,,
833fc2f3-4930-46e1-9b4f-2c62304d04e8,flaunt.online,premium,,,82,84,6,,,
f2626280-e8a0-4921-9c65-d98cef36d772,freeburgh.online,premium,,,32,4,10,,,
61c6a845-91c2-4c2a-a10a-7e0c384f4b1b,azotemic.online,premium,,,52,1,8,,,
945c740a-ffb8-4d96-826a-3349248ba317,jetliner.online,premium,,,70,68,8,,,
b63991de-f7c0-4c9a-aaa4-09985c335f5b,classicize.online,premium,,,56,72,10,,,
57867660-7874-4909-aba9-f65933dea47f,seems.online,premium,,,,8,5,,,
54f74c15-e471-45e8-815e-083ef4527208,essayquestion.online,premium,,,68,0,14,,,
f246ff51-1624-4e04-a2cb-df3379f3abe9,infinitely.online,premium,,,59,80,10,,,
cd753cda-2165-4803-ab78-920056738f2d,normalizedyield.online,premium,,,62,72,16,,,
7d3f90e1-438b-409c-82c2-a99123a8d968,doubleorquits.online,premium,,,56,72,15,,,
bcde9d69-815b-4b41-a946-a8c54719dd46,won.online,premium,,,108,21,3,,,
04fbac2c-1e39-4c8c-9b1c-617b459624c7,theorizer.online,premium,,,62,72,9,,,
4a929c2c-fb12-4cca-af5d-3f35579960df,divinerevelation.online,premium,,,54,72,17,,,
53185249-feef-47f9-ac5e-35810e47404d,subdirector.online,premium,,,56,72,11,,,
8431b31a-80ee-421c-bd83-a9e367f73a89,greengilled.online,premium,,,38,72,12,,,
137fbb6a-0f3c-46ed-a4e6-7aa2b87f8929,insulating.online,premium,,,62,72,10,,,
9dba1647-8e65-4034-9892-30b4e9f6f2b9,otherthan.online,premium,,,56,1,10,,,
6ff001fa-5776-4f99-80c0-a4328ba45a03,cacomistle.online,premium,,,52,72,10,,,
23779b05-2293-49a7-8ef6-4676f93860ba,Suzanne.online,premium,,,56,84,7,,,
c5426bca-c0a5-4b12-8fc4-694465ab790a,RiceBubbles.online,premium,,,,1,12,,,
a02465ea-cd70-446e-a074-b08ac9eada0e,fiveknuckleshuffle.online,premium,,,58,72,20,,,
821825f5-8df2-4f13-a916-867079b9dc81,malayalam.online,premium,,,52,88,9,,,
b5943dae-325d-49b9-88ee-3411c3b30655,ancientregime.online,premium,,,52,72,14,,,
a19b9c5e-f3c3-49f8-aaa7-dffc65abeef0,sweetlemon.online,premium,,,,76,11,,,
d420ce53-4215-4186-880a-cdd08401ce6d,upsetprice.online,premium,,,52,72,11,,,
7400ac34-9169-4cb7-8237-2d211de7253d,fingerbreadth.online,premium,,,40,72,14,,,